State,City,Crime_Type,Date,Time,Latitude,Longitude,Victim_Age,Victim_Gender
Maharashtra,Nagpur,Assault,2022-11-03,16:12:00,21.10693,79.09184,20.0,Female
Telangana,Warangal,Assault,2021-07-11,04:55:00,17.97998,79.62782,44.0,Male
Tamil Nadu,Chennai,Vehicle Theft,2024-01-24,19:16:00,13.07745,80.24957,49.0,Male
Gujarat,Ahmedabad,Fraud,2024-10-06,08:28:00,23.03396,72.58338,55.0,Female
Gujarat,Surat,Vandalism,2022-04-25,08:04:00,21.20387,72.82758,40.0,Female
Tamil Nadu,Chennai,Cybercrime,2021-12-12,03:49:00,13.04786,80.28629,57.0,Female
Tamil Nadu,Coimbatore,Assault,2024-04-07,16:38:00,11.03737,76.95703,22.0,Female
Telangana,Warangal,Robbery,2023-04-22,13:27:00,17.95883,79.58575,28.0,Male
Tamil Nadu,Coimbatore,Vehicle Theft,2024-07-03,18:34:00,11.03459,76.97634,49.0,Female
Karnataka,Mysuru,Assault,2021-12-06,06:24:00,12.25673,76.605,60.0,Male
Telangana,Hyderabad,Burglary,2022-08-04,13:30:00,17.40377,78.47772,58.0,Male
Telangana,Hyderabad,Theft,2021-02-03,18:43:00,17.39961,78.47292,64.0,Female
Gujarat,Ahmedabad,Robbery,2022-06-05,09:14:00,23.02061,72.52038,31.0,Female
Maharashtra,Pune,Vandalism,2021-05-25,11:41:00,18.50866,73.89498,29.0,Female
Karnataka,Mysuru,Assault,2023-04-03,02:26:00,12.32021,76.58718,64.0,Female
Karnataka,Mysuru,Theft,2023-06-24,00:45:00,12.27912,76.64598,31.0,Female
Delhi,Dwarka,Cybercrime,2023-02-21,09:47:00,28.63278,77.07105,17.0,Female
Delhi,Rohini,Vehicle Theft,2021-10-05,07:55:00,28.73431,77.0257,48.0,Female
Karnataka,Bengaluru,Vandalism,2022-06-13,18:03:00,13.0309,77.68142,19.0,Male
Gujarat,Ahmedabad,vehicle theft,2023-10-08,22:19:00,23.01054,72.55264,30.0,Male
Karnataka,Mysuru,Domestic Violence,2023-02-09,,,,,Female
Uttar Pradesh,Noida,Theft,2024-08-25,23:13:00,28.50605,77.36924,45.0,Male
Karnataka,Mysuru,Fraud,2024-04-06,22:38:00,12.2903,76.63778,31.0,Female
Gujarat,Ahmedabad,Theft,2021-04-12,23:59:00,23.02818,72.61837,61.0,Female
Delhi,Rohini,Vehicle Theft,2022-04-01,18:20:00,28.77919,77.07986,51.0,Female
Uttar Pradesh,Kanpur,Kidnapping,2022-12-07,00:07:00,26.50071,80.32561,56.0,Male
Karnataka,Mysuru,Domestic Violence,2021-03-08,07:59:00,12.28316,76.63885,57.0,Male
Delhi,Rohini,Burglary,2021-04-04,00:40:00,28.68449,77.06554,66.0,Female
Telangana,Warangal,Theft,2024-10-01,17:05:00,17.97892,79.57947,55.0,Female
Karnataka,Bengaluru,Cybercrime,2022-04-26,12:17:00,12.95012,77.58728,47.0,Female
Delhi,Dwarka,Theft,2023-02-21,10:00:00,28.64831,77.0204,68.0,Female
Telangana,Hyderabad,Fraud,2022-11-01,15:06:00,17.36313,78.46738,40.0,Male
Karnataka,Mysuru,Cybercrime,2024-11-21,14:17:00,12.26869,76.63617,37.0,Female
Telangana,Hyderabad,Burglary,2022-04-07,23:44:00,17.44011,78.57415,63.0,Male
Tamil Nadu,Coimbatore,Theft,2021-10-09,07:55:00,11.04032,76.96804,22.0,Male
Karnataka,Mysuru,Theft,2021-07-01,17:03:00,12.30197,76.62234,38.0,Female
West Bengal,Howrah,Assault,2024-04-27,12:44:00,22.57435,88.27249,63.0,Male
Delhi,Rohini,Burglary,2021-08-16,22:24:00,28.72311,77.03363,20.0,Female
Maharashtra,Mumbai,Kidnapping,2023-02-23,20:48:00,19.04269,72.86285,64.0,Female
Telangana,Warangal,Fraud,2023-09-04,19:32:00,17.98258,79.63814,60.0,Male
Telangana,Hyderabad,Cybercrime,2021-04-02,03:26:00,17.39484,78.53882,41.0,Male
Karnataka,Mysuru,Burglary,2022-06-11,04:41:00,12.28497,76.678,51.0,Female
Telangana,Hyderabad,Burglary,2022-07-26,20:29:00,17.40984,78.4781,50.0,Female
Uttar Pradesh,Lucknow,Robbery,2022-01-06,14:41:00,26.84128,80.98114,49.0,Male
West Bengal,Howrah,Theft,2023-12-20,03:57:00,22.58045,88.30834,67.0,Male
Telangana,Warangal,Kidnapping,2024-02-07,17:35:00,17.95787,79.60336,22.0,Female
Maharashtra,Pune,Assault,2023-07-20,18:55:00,18.56849,73.7941,58.0,Male
Gujarat,Surat,Theft,2021-09-03,,,,,Female
Uttar Pradesh,Kanpur,Domestic Violence,2024-10-18,06:47:00,26.44457,80.32642,35.0,Female
Delhi,New Delhi,Assault,2024-09-11,03:43:00,28.59169,77.18433,34.0,Female
West Bengal,Kolkata,Assault,2023-12-01,17:50:00,22.58962,88.43383,67.0,Female
Uttar Pradesh,Lucknow,Vehicle Theft,2021-01-19,13:00:00,26.88629,80.89793,38.0,Male
Gujarat,Ahmedabad,Assault,2021-04-14,22:44:00,22.98062,72.5017,57.0,Male
Gujarat,Surat,Fraud,2022-01-03,15:59:00,21.15013,72.83515,49.0,Male
Uttar Pradesh,Noida,Theft,2021-03-13,03:51:00,28.55962,77.37919,57.0,Male
Uttar Pradesh,Noida,Theft,2021-02-02,19:36:00,28.49611,77.34653,30.0,Female
Delhi,New Delhi,Fraud,2024-12-04,18:50:00,28.65383,77.20693,53.0,Male
Maharashtra,Nagpur,robbery,2023-07-18,02:51:00,21.12817,79.04358,17.0,Male
Maharashtra,Mumbai,Robbery,2023-12-21,14:30:00,19.04478,72.89124,17.0,Male
Gujarat,Ahmedabad,Theft,2023-05-03,18:11:00,22.99091,72.55137,44.0,Female
Karnataka,Mysuru,Vehicle Theft,2022-02-07,22:32:00,12.25069,76.67102,31.0,Male
Uttar Pradesh,Kanpur,Theft,2024-06-14,16:24:00,26.50753,80.39331,68.0,Male
Gujarat,Ahmedabad,Burglary,2023-06-22,14:24:00,23.03242,72.546,49.0,Female
Delhi,Rohini,Burglary,2023-12-01,07:25:00,28.80412,77.10018,20.0,Female
Karnataka,Mysuru,Robbery,2023-08-16,15:36:00,12.28482,76.67092,32.0,Male
Tamil Nadu,Coimbatore,Assault,2023-12-14,19:44:00,11.01975,76.97242,61.0,Female
Uttar Pradesh,Kanpur,Fraud,2021-04-15,20:23:00,26.46737,80.35097,42.0,Female
Telangana,Warangal,Burglary,2021-07-10,11:10:00,18.00607,79.53906,64.0,Male
Tamil Nadu,Coimbatore,Fraud,2022-05-20,03:14:00,10.97192,76.86606,48.0,Female
Gujarat,Ahmedabad,Fraud,2024-06-09,18:41:00,22.97617,72.56208,65.0,Female
Karnataka,Bengaluru,Theft,2024-07-13,03:42:00,12.99793,77.64287,24.0,Female
West Bengal,Kolkata,Vandalism,2024-08-04,12:26:00,22.55972,88.40765,60.0,Female
Maharashtra,Pune,Assault,2024-02-09,04:14:00,18.53357,73.80903,64.0,Male
Karnataka,Bengaluru,Vehicle Theft,2022-09-14,00:05:00,12.92041,77.56921,61.0,Female
West Bengal,Howrah,Cybercrime,2024-10-17,01:43:00,22.61721,88.28288,35.0,Female
Telangana,Hyderabad,Fraud,2022-09-24,08:30:00,17.37579,78.46439,21.0,Female
Tamil Nadu,Chennai,Vehicle Theft,2024-07-14,02:01:00,13.09303,80.27153,36.0,Male
Delhi,New Delhi,Theft,2022-04-01,14:55:00,28.63045,77.21464,22.0,Female
West Bengal,Kolkata,Burglary,2021-09-15,15:42:00,22.61309,88.40144,68.0,Female
Telangana,Warangal,Robbery,2024-04-27,14:46:00,17.94584,79.61543,42.0,Female
Telangana,Hyderabad,Vehicle Theft,2024-08-12,23:06:00,17.39247,78.54164,69.0,Female
Uttar Pradesh,Kanpur,Theft,2022-04-02,12:46:00,26.43338,80.35538,62.0,Male
Karnataka,Mysuru,Assault,2021-10-18,02:13:00,12.2759,76.65523,45.0,Male
Telangana,Hyderabad,Assault,2021-12-02,08:06:00,17.39206,78.44429,51.0,Female
Maharashtra,Nagpur,Robbery,2022-10-11,01:54:00,21.18954,79.07478,27.0,Male
Maharashtra,Nagpur,Cybercrime,2023-07-01,18:24:00,21.13365,79.12888,29.0,Male
Tamil Nadu,Coimbatore,Assault,2024-11-25,07:42:00,11.00769,76.94641,47.0,Female
Gujarat,Surat,Theft,2021-09-10,10:43:00,21.19098,72.89258,50.0,Male
Telangana,Hyderabad,Theft,2021-07-06,23:51:00,17.33308,78.49193,53.0,Male
Gujarat,Ahmedabad,Theft,2022-02-10,01:04:00,23.04062,72.58058,31.0,Male
Gujarat,Surat,Assault,2022-06-24,23:57:00,21.14293,72.82073,56.0,Male
Gujarat,Ahmedabad,Burglary,2021-11-25,07:31:00,22.94606,72.59455,49.0,Female
Maharashtra,Mumbai,Burglary,2022-04-05,03:20:00,19.08755,72.88961,63.0,Male
Telangana,Warangal,Assault,2024-11-13,22:59:00,17.96236,79.58094,40.0,Male
Delhi,Dwarka,Theft,2022-08-09,22:46:00,28.58463,77.07456,43.0,Female
Gujarat,Surat,Theft,2021-01-07,13:03:00,21.14255,72.82497,58.0,Male
Maharashtra,Mumbai,Theft,2023-05-21,01:53:00,19.04868,72.89376,53.0,Male
Tamil Nadu,Chennai,theft,2022-04-04,09:51:00,13.08264,80.26368,30.0,Male
Maharashtra,Mumbai,Assault,2023-10-13,20:31:00,19.10984,72.80858,29.0,Female
Tamil Nadu,Coimbatore,Burglary,2023-09-09,,,,,Female
Delhi,New Delhi,Theft,2022-02-01,22:05:00,28.63733,77.23321,15.0,Male
Maharashtra,Nagpur,Burglary,2023-02-16,05:35:00,21.0902,79.09097,30.0,Female
West Bengal,Howrah,Theft,2024-10-27,,,,,Female
West Bengal,Howrah,Assault,2024-09-22,03:19:00,22.61519,88.27628,31.0,Male
West Bengal,Kolkata,Burglary,2024-01-24,00:44:00,22.57551,88.34731,34.0,Female
Uttar Pradesh,Noida,Robbery,2023-10-09,02:53:00,28.57552,77.39136,57.0,Male
Uttar Pradesh,Noida,Theft,2024-07-04,23:15:00,28.53261,77.44493,15.0,Female
West Bengal,Kolkata,domestic violence,2021-02-24,09:32:00,22.54053,88.35947,54.0,Male
Tamil Nadu,Coimbatore,Burglary,2022-08-27,20:11:00,11.04687,76.98678,15.0,Female
Telangana,Warangal,Cybercrime,2022-03-15,12:23:00,17.98938,79.63262,56.0,Female
Karnataka,Mysuru,Vandalism,2021-06-25,12:56:00,12.27766,76.64659,15.0,Male
Tamil Nadu,Coimbatore,Domestic Violence,2021-08-11,03:40:00,11.0252,76.92082,29.0,Male
Uttar Pradesh,Lucknow,Fraud,2024-11-07,05:20:00,26.79114,80.94687,40.0,Female
Tamil Nadu,Chennai,Robbery,2023-08-20,12:46:00,13.12984,80.23617,57.0,Female
Uttar Pradesh,Noida,Fraud,2023-02-01,04:25:00,28.52492,77.44815,55.0,Female
Tamil Nadu,Coimbatore,Domestic Violence,2023-08-11,15:19:00,11.11237,76.98054,36.0,Male
Maharashtra,Pune,Kidnapping,2023-06-02,04:20:00,18.52836,73.85642,35.0,Male
Delhi,New Delhi,Burglary,2023-01-26,17:14:00,28.57073,77.20725,47.0,Female
Karnataka,Bengaluru,Theft,2024-03-13,12:03:00,12.9696,77.60237,40.0,Male
Tamil Nadu,Chennai,Cybercrime,2024-09-14,21:06:00,13.08263,80.26337,32.0,Female
Karnataka,Mysuru,Domestic Violence,2021-12-17,23:21:00,12.2622,76.64767,67.0,Female
Karnataka,Bengaluru,Theft,2023-10-23,17:37:00,12.95427,77.58175,19.0,Male
Tamil Nadu,Chennai,Fraud,2022-08-15,17:44:00,13.03693,80.28169,31.0,Male
Telangana,Hyderabad,theft,2024-08-26,09:07:00,17.37824,78.44869,36.0,Male
Delhi,Rohini,Theft,2023-05-02,10:11:00,28.77562,77.10173,28.0,Female
Telangana,Warangal,Vehicle Theft,2022-09-07,07:14:00,17.96846,79.56799,19.0,Female
Maharashtra,Nagpur,Vehicle Theft,2022-06-13,12:23:00,21.13903,79.09027,44.0,Male
Delhi,New Delhi,Vehicle Theft,2024-11-26,03:09:00,28.63169,77.17447,24.0,Male
Telangana,Hyderabad,Theft,2021-12-01,07:54:00,17.42101,78.49568,48.0,Female
West Bengal,Howrah,Vandalism,2021-02-23,19:44:00,22.5443,88.27655,60.0,Female
Uttar Pradesh,Kanpur,Theft,2024-05-02,19:39:00,26.44894,80.34324,49.0,Female
Delhi,New Delhi,Assault,2024-04-18,18:00:00,28.57306,77.20133,63.0,Male
Tamil Nadu,Chennai,Theft,2022-02-22,15:29:00,13.1015,80.24001,36.0,Male
Uttar Pradesh,Noida,Cybercrime,2022-08-17,01:28:00,28.5489,77.34508,45.0,Male
Maharashtra,Nagpur,Fraud,2023-01-27,10:17:00,21.13692,79.07352,64.0,Male
Karnataka,Bengaluru,Assault,2024-09-20,09:24:00,12.98158,77.617,47.0,Female
Uttar Pradesh,Noida,Assault,2021-08-11,08:41:00,28.55402,77.39109,37.0,Female
Maharashtra,Mumbai,Cybercrime,2023-09-18,,,,,Female
Gujarat,Surat,Burglary,2024-09-05,03:52:00,21.1599,72.84959,30.0,Male
Uttar Pradesh,Noida,Theft,2024-12-15,13:42:00,28.52407,77.32559,56.0,Male
Karnataka,Mysuru,Burglary,2023-12-15,09:26:00,12.30955,76.62316,52.0,Female
Gujarat,Surat,Assault,2023-03-26,20:51:00,21.14136,72.86022,53.0,Male
Tamil Nadu,Coimbatore,Burglary,2024-03-11,21:57:00,10.98833,76.96813,65.0,Male
Uttar Pradesh,Noida,Fraud,2024-02-13,15:27:00,28.57916,77.3955,49.0,Male
Karnataka,Bengaluru,Vehicle Theft,2022-05-08,05:39:00,13.00497,77.57467,59.0,Male
Maharashtra,Mumbai,Fraud,2022-02-23,05:08:00,19.07009,72.84356,21.0,Male
Tamil Nadu,Coimbatore,Theft,2024-02-01,10:24:00,10.9994,76.99806,49.0,Female
Maharashtra,Nagpur,fraud,2021-03-08,11:53:00,21.13375,79.04606,54.0,Female
West Bengal,Kolkata,Assault,2023-07-07,12:17:00,22.57841,88.34432,52.0,Male
Gujarat,Ahmedabad,Theft,2023-09-20,02:58:00,23.06026,72.6049,24.0,Male
Delhi,New Delhi,Cybercrime,2024-05-09,18:40:00,28.59016,77.24811,60.0,Male
Karnataka,Bengaluru,Fraud,2023-03-14,05:53:00,12.97406,77.59637,65.0,Male
Karnataka,Bengaluru,Vehicle Theft,2022-01-14,01:13:00,12.94851,77.58693,15.0,Male
Maharashtra,Pune,Fraud,2023-05-05,00:08:00,18.45708,73.82917,45.0,Female
Tamil Nadu,Coimbatore,Theft,2022-05-15,17:35:00,11.01812,76.95234,29.0,Female
Telangana,Warangal,Assault,2022-05-06,15:12:00,17.97844,79.6147,56.0,Male
Karnataka,Bengaluru,Theft,2021-10-02,09:41:00,12.97918,77.57716,69.0,Male
Tamil Nadu,Coimbatore,Domestic Violence,2022-12-27,22:52:00,10.97447,76.91939,41.0,Female
Gujarat,Ahmedabad,Robbery,2021-07-21,13:23:00,23.07705,72.55865,60.0,Female
Maharashtra,Nagpur,Vehicle Theft,2023-08-08,06:25:00,21.14345,79.03999,34.0,Female
Delhi,Dwarka,Burglary,2021-07-05,07:27:00,28.56799,77.06499,46.0,Male
Maharashtra,Mumbai,Domestic Violence,2021-10-18,18:10:00,19.07177,72.92295,60.0,Male
Telangana,Warangal,Theft,2022-03-13,14:27:00,17.9502,79.63855,25.0,Female
Maharashtra,Pune,Assault,2021-07-05,01:08:00,18.50048,73.83577,33.0,Male
Delhi,New Delhi,Assault,2022-04-26,14:25:00,28.60842,77.18759,26.0,Female
Maharashtra,Nagpur,Theft,2021-06-17,09:07:00,21.18575,79.08667,20.0,Female
Uttar Pradesh,Kanpur,Vandalism,2022-01-06,09:03:00,26.4317,80.34779,32.0,Female
Telangana,Warangal,Vandalism,2021-04-14,12:29:00,17.90946,79.5966,59.0,Male
Telangana,Warangal,Theft,2023-04-06,04:58:00,18.01631,79.56396,20.0,Female
Karnataka,Mysuru,Assault,2022-10-18,09:55:00,12.24077,76.63385,57.0,Male
Karnataka,Bengaluru,Vehicle Theft,2022-06-08,15:21:00,12.95215,77.61723,45.0,Male
Tamil Nadu,Coimbatore,Theft,2021-07-20,23:23:00,11.04087,76.94159,56.0,Female
West Bengal,Kolkata,Fraud,2024-12-05,14:06:00,22.61911,88.40748,51.0,Female
Tamil Nadu,Chennai,Vehicle Theft,2024-12-01,14:02:00,13.1316,80.28091,19.0,Male
Karnataka,Mysuru,Fraud,2021-06-06,11:27:00,12.30251,76.59921,15.0,Female
Gujarat,Surat,Vehicle Theft,2022-01-08,16:09:00,21.15816,72.76712,26.0,Female
Delhi,Rohini,Vandalism,2024-11-23,04:55:00,28.7476,77.00447,47.0,Male
Telangana,Warangal,Vehicle Theft,2022-08-27,17:36:00,18.01499,79.51066,22.0,Male
Delhi,New Delhi,Fraud,2021-11-02,06:42:00,28.66909,77.20291,31.0,Female
West Bengal,Howrah,Robbery,2022-07-05,15:40:00,22.59533,88.21611,22.0,Male
West Bengal,Kolkata,vehicle theft,2024-03-13,03:34:00,22.51666,88.33176,25.0,Female
Gujarat,Ahmedabad,Fraud,2022-05-27,05:04:00,23.04274,72.65232,63.0,Female
Karnataka,Bengaluru,Assault,2022-01-06,12:22:00,13.0403,77.60381,69.0,Male
Uttar Pradesh,Kanpur,Domestic Violence,2022-05-02,07:56:00,26.41024,80.34158,15.0,Female
Gujarat,Ahmedabad,Vehicle Theft,2021-11-24,13:42:00,23.01167,72.59849,36.0,Male
Gujarat,Ahmedabad,Theft,2022-07-08,04:57:00,23.06286,72.60837,22.0,Female
West Bengal,Howrah,Vandalism,2023-11-10,22:37:00,22.60694,88.27968,21.0,Male
West Bengal,Howrah,Vandalism,2024-06-20,18:28:00,22.58648,88.25806,30.0,Male
Delhi,Dwarka,Theft,2023-01-16,18:43:00,28.57184,77.09032,39.0,Male
Maharashtra,Mumbai,Theft,2021-04-27,19:13:00,19.07053,72.89427,62.0,Female
Maharashtra,Mumbai,Theft,2022-02-26,01:08:00,19.09684,72.88468,25.0,Male
West Bengal,Howrah,Theft,2023-07-22,20:37:00,22.54896,88.30083,22.0,Male
Maharashtra,Mumbai,Burglary,2022-06-17,22:50:00,19.06948,72.87072,35.0,Male
Delhi,Dwarka,Cybercrime,2022-03-19,03:26:00,28.61963,77.06564,64.0,Male
Uttar Pradesh,Noida,Theft,2024-02-16,11:31:00,28.5325,77.3778,43.0,Male
Gujarat,Ahmedabad,Vehicle Theft,2022-12-12,23:04:00,22.98128,72.61416,54.0,Female
West Bengal,Kolkata,Vandalism,2021-06-14,21:16:00,22.56323,88.3793,41.0,Female
Uttar Pradesh,Noida,Assault,2024-06-18,04:51:00,28.53772,77.44456,38.0,Female
Telangana,Warangal,vandalism,2023-05-17,10:37:00,17.97921,79.55541,59.0,Male
Tamil Nadu,Coimbatore,Robbery,2021-05-04,,,,,Female
Uttar Pradesh,Lucknow,Theft,2021-12-22,03:16:00,26.8605,80.9629,25.0,Male
Gujarat,Surat,robbery,2024-11-05,18:21:00,21.12881,72.84085,36.0,Male
Delhi,New Delhi,Theft,2023-07-23,16:08:00,28.58088,77.21868,18.0,Female
Uttar Pradesh,Lucknow,Assault,2024-06-23,06:14:00,26.88675,80.95591,27.0,Male
Karnataka,Bengaluru,Burglary,2024-10-05,07:11:00,12.97304,77.61044,30.0,Female
Karnataka,Mysuru,Burglary,2022-07-21,01:55:00,12.33436,76.62954,16.0,Female
West Bengal,Howrah,Cybercrime,2022-11-23,21:30:00,22.62837,88.29896,58.0,Female
Maharashtra,Pune,Vehicle Theft,2022-06-11,10:34:00,18.54944,73.82106,69.0,Male
Uttar Pradesh,Lucknow,Fraud,2021-11-21,23:40:00,26.83917,80.9712,63.0,Male
Tamil Nadu,Coimbatore,Cybercrime,2022-08-26,10:20:00,10.9929,76.97154,26.0,Male
Delhi,New Delhi,Theft,2023-12-21,09:03:00,28.59515,77.18714,60.0,Female
Delhi,New Delhi,Burglary,2024-12-25,18:08:00,28.5895,77.1746,38.0,Male
Gujarat,Ahmedabad,Vandalism,2023-04-01,10:59:00,23.02375,72.5644,38.0,Female
Telangana,Warangal,Fraud,2022-11-06,16:00:00,18.00886,79.52757,63.0,Male
Delhi,New Delhi,Vehicle Theft,2023-10-21,02:08:00,28.56537,77.13867,36.0,Male
Delhi,New Delhi,Assault,2021-06-13,17:51:00,28.60878,77.18711,22.0,Female
Delhi,Dwarka,Assault,2021-12-02,05:59:00,28.59035,77.07998,55.0,Male
Tamil Nadu,Chennai,Theft,2021-05-13,05:17:00,13.08886,80.26347,44.0,Female
Uttar Pradesh,Lucknow,Burglary,2021-04-08,03:01:00,26.86296,81.03343,66.0,Male
Telangana,Warangal,Theft,2022-02-05,18:38:00,18.00086,79.62927,36.0,Female
West Bengal,Howrah,Fraud,2021-03-15,01:51:00,22.5594,88.23808,62.0,Female
Telangana,Warangal,Fraud,2021-02-26,02:43:00,18.00721,79.59425,25.0,Female
Gujarat,Surat,Fraud,2021-09-17,06:25:00,21.12524,72.8326,21.0,Female
West Bengal,Howrah,Assault,2023-10-22,23:54:00,22.63419,88.27909,30.0,Female
Karnataka,Mysuru,Theft,2022-10-13,23:00:00,12.29886,76.71061,54.0,Male
Karnataka,Bengaluru,Vehicle Theft,2023-01-27,05:05:00,12.97772,77.59406,20.0,Male
West Bengal,Howrah,Assault,2023-12-13,21:46:00,22.58918,88.21455,31.0,Male
West Bengal,Kolkata,Fraud,2023-12-01,10:13:00,22.54224,88.34787,48.0,Male
Tamil Nadu,Chennai,Assault,2024-11-21,00:50:00,13.10919,80.25396,36.0,Male
Uttar Pradesh,Kanpur,Domestic Violence,2022-03-21,17:53:00,26.41153,80.34331,37.0,Female
Telangana,Hyderabad,Burglary,2022-01-10,23:26:00,17.38924,78.41724,54.0,Female
West Bengal,Kolkata,Assault,2022-01-18,07:12:00,22.56808,88.34657,18.0,Male
Gujarat,Surat,theft,2022-12-05,21:40:00,21.15415,72.84919,65.0,Male
Delhi,New Delhi,Theft,2021-05-02,01:59:00,28.64782,77.21193,44.0,Female
Uttar Pradesh,Kanpur,Fraud,2021-08-12,21:18:00,26.44257,80.28774,50.0,Male
Tamil Nadu,Coimbatore,Assault,2022-01-05,10:47:00,11.02034,76.94334,56.0,Male
Telangana,Warangal,Burglary,2024-09-18,20:52:00,17.98741,79.57925,19.0,Female
Delhi,Dwarka,Domestic Violence,2023-02-08,23:34:00,28.62498,77.06486,30.0,Female
Tamil Nadu,Coimbatore,cybercrime,2024-02-09,16:37:00,10.9981,76.92329,52.0,Female
Tamil Nadu,Chennai,Theft,2022-12-07,07:26:00,13.16729,80.25646,17.0,Female
Gujarat,Ahmedabad,Vehicle Theft,2021-08-20,22:55:00,23.02932,72.53736,42.0,Female
Uttar Pradesh,Lucknow,Vehicle Theft,2021-09-14,12:55:00,26.86763,80.98239,68.0,Female
West Bengal,Kolkata,Theft,2022-03-04,02:35:00,22.58122,88.35498,15.0,Female
Uttar Pradesh,Noida,Vehicle Theft,2021-12-05,02:56:00,28.52171,77.38981,25.0,Male
Tamil Nadu,Coimbatore,Assault,2022-10-05,05:14:00,11.01698,76.95619,64.0,Male
Telangana,Hyderabad,Burglary,2024-09-08,08:15:00,17.39011,78.47314,56.0,Female
Maharashtra,Nagpur,Vehicle Theft,2022-08-20,20:24:00,21.18265,79.10734,66.0,Female
Telangana,Hyderabad,Assault,2022-03-27,10:59:00,17.37821,78.50942,67.0,Male
Maharashtra,Mumbai,Vehicle Theft,2021-07-05,12:34:00,19.06824,72.92135,50.0,Female
Karnataka,Bengaluru,Theft,2022-06-06,12:51:00,12.93169,77.53287,20.0,Female
Gujarat,Surat,Theft,2024-04-04,04:15:00,21.16102,72.85116,51.0,Male
Maharashtra,Nagpur,Theft,2023-01-23,02:09:00,21.10409,79.10767,52.0,Male
Tamil Nadu,Chennai,Fraud,2023-11-04,00:32:00,13.10336,80.25888,24.0,Female
Delhi,Rohini,Cybercrime,2021-02-20,04:35:00,28.71407,77.01215,45.0,Male
Gujarat,Ahmedabad,Assault,2023-03-20,01:06:00,23.0093,72.57404,34.0,Male
Tamil Nadu,Coimbatore,Cybercrime,2023-08-21,12:48:00,11.03329,76.98574,62.0,Male
West Bengal,Howrah,Burglary,2021-01-24,05:34:00,22.60959,88.2495,40.0,Male
Telangana,Warangal,Theft,2024-08-26,12:01:00,17.99657,79.55917,43.0,Male
Telangana,Warangal,Vandalism,2021-11-07,23:11:00,17.99456,79.50649,45.0,Male
West Bengal,Howrah,Assault,2023-08-16,12:09:00,22.55201,88.23019,53.0,Female
Delhi,Rohini,Vehicle Theft,2023-07-15,07:55:00,28.71548,77.09299,68.0,Female
Delhi,Dwarka,Assault,2021-08-26,12:44:00,28.5515,77.09413,51.0,Male
Delhi,Rohini,Burglary,2023-08-13,22:07:00,28.70916,77.00159,29.0,Female
Delhi,Dwarka,Cybercrime,2021-11-10,07:04:00,28.65203,77.04769,22.0,Male
West Bengal,Kolkata,Fraud,2023-07-09,20:02:00,22.53692,88.35541,39.0,Male
Maharashtra,Pune,Vehicle Theft,2024-04-04,06:09:00,18.49797,73.87055,44.0,Male
Tamil Nadu,Chennai,Assault,2023-05-15,12:16:00,13.08614,80.3209,30.0,Male
Karnataka,Bengaluru,Theft,2023-05-01,10:14:00,12.98566,77.59912,57.0,Female
Maharashtra,Pune,Vehicle Theft,2021-08-04,00:37:00,18.49698,73.83181,43.0,Female
Maharashtra,Mumbai,Kidnapping,2024-04-01,23:36:00,19.07864,72.88876,57.0,Female
West Bengal,Howrah,Kidnapping,2024-12-20,,,,,Female
Karnataka,Bengaluru,Theft,2024-01-13,02:50:00,12.98977,77.55606,23.0,Female
Karnataka,Bengaluru,Theft,2021-01-20,22:59:00,12.97016,77.57419,29.0,Female
Tamil Nadu,Chennai,Vehicle Theft,2024-12-27,,,,,Male
Delhi,New Delhi,Fraud,2024-05-09,12:54:00,28.5992,77.22878,68.0,Male
Maharashtra,Pune,Theft,2022-09-19,11:10:00,18.49019,73.86484,42.0,Male
Tamil Nadu,Chennai,Robbery,2022-06-18,08:06:00,13.10281,80.28494,61.0,Male
Gujarat,Ahmedabad,Theft,2022-07-14,13:07:00,23.10872,72.58199,31.0,Female
Gujarat,Surat,Cybercrime,2021-09-12,17:41:00,21.22167,72.83919,69.0,Male
West Bengal,Howrah,Theft,2023-06-17,08:00:00,22.61192,88.25712,29.0,Male
Gujarat,Ahmedabad,Burglary,2022-04-23,00:21:00,22.98442,72.56997,30.0,Male
Tamil Nadu,Coimbatore,Burglary,2022-04-03,14:01:00,10.98239,76.95975,47.0,Female
Karnataka,Mysuru,Vehicle Theft,2024-07-26,07:01:00,12.30085,76.65788,57.0,Male
Gujarat,Ahmedabad,Fraud,2022-09-22,18:18:00,22.99886,72.51676,65.0,Female
Tamil Nadu,Coimbatore,Theft,2022-08-04,00:40:00,11.00164,76.99703,57.0,Female
Telangana,Hyderabad,Burglary,2021-12-12,20:02:00,17.41234,78.49296,68.0,Male
Telangana,Hyderabad,Domestic Violence,2021-04-24,21:55:00,17.40165,78.48833,38.0,Male
Tamil Nadu,Chennai,Vehicle Theft,2022-01-05,18:21:00,13.06729,80.28267,41.0,Female
Gujarat,Ahmedabad,Vandalism,2021-10-14,23:34:00,23.01245,72.57847,61.0,Female
Delhi,New Delhi,Vehicle Theft,2024-04-08,03:55:00,28.69512,77.22083,36.0,Female
Karnataka,Bengaluru,Cybercrime,2021-10-01,01:30:00,12.96909,77.61594,43.0,Male
Maharashtra,Pune,Domestic Violence,2024-04-06,06:19:00,18.49572,73.87632,42.0,Male
Tamil Nadu,Chennai,Theft,2023-12-21,10:18:00,13.102,80.28815,62.0,Female
Maharashtra,Nagpur,Kidnapping,2021-08-26,08:18:00,21.12048,79.05567,55.0,Male
Karnataka,Bengaluru,Domestic Violence,2024-04-13,16:36:00,12.98909,77.5828,18.0,Male
Karnataka,Mysuru,Theft,2023-10-26,21:44:00,12.29552,76.63535,61.0,Male
Gujarat,Ahmedabad,Vehicle Theft,2022-04-23,01:28:00,23.0241,72.57619,35.0,Male
Delhi,Rohini,Cybercrime,2022-04-11,05:20:00,28.72981,77.06169,15.0,Male
Karnataka,Mysuru,Vandalism,2022-07-04,21:54:00,12.31333,76.62597,58.0,Female
Uttar Pradesh,Kanpur,Assault,2024-01-03,10:33:00,26.44942,80.33134,16.0,Female
Maharashtra,Nagpur,Domestic Violence,2023-08-26,14:26:00,21.12218,79.05501,56.0,Male
Maharashtra,Mumbai,Theft,2023-02-24,18:38:00,19.09055,72.84467,64.0,Male
Uttar Pradesh,Noida,Theft,2023-02-14,21:42:00,28.50792,77.38185,57.0,Male
Gujarat,Ahmedabad,Cybercrime,2023-03-09,14:17:00,23.00438,72.52353,48.0,Male
Gujarat,Ahmedabad,robbery,2024-12-09,18:12:00,22.95156,72.60201,40.0,Male
Karnataka,Mysuru,Assault,2023-04-17,15:53:00,12.22368,76.61546,36.0,Male
Maharashtra,Mumbai,Assault,2021-04-08,04:06:00,19.02061,72.86334,57.0,Female
Maharashtra,Nagpur,Assault,2021-09-03,07:15:00,21.05409,79.04966,21.0,Male
Delhi,Dwarka,Vehicle Theft,2024-07-05,09:18:00,28.60031,77.05976,60.0,Male
Uttar Pradesh,Lucknow,Assault,2024-07-16,15:04:00,26.8604,80.98024,43.0,Female
Gujarat,Ahmedabad,Robbery,2021-01-27,20:42:00,23.00778,72.56182,60.0,Female
Maharashtra,Pune,Burglary,2024-06-15,18:25:00,18.5052,73.91406,16.0,Female
Gujarat,Surat,Theft,2023-10-26,01:17:00,21.17168,72.84588,41.0,Female
Uttar Pradesh,Noida,Assault,2022-01-10,08:31:00,28.54758,77.42873,53.0,Male
Telangana,Hyderabad,Assault,2021-02-22,20:12:00,17.39008,78.51699,48.0,Female
Telangana,Hyderabad,Theft,2021-07-01,02:02:00,17.38754,78.57002,29.0,Male
Karnataka,Mysuru,Theft,2024-08-10,18:50:00,12.28934,76.66335,34.0,Male
Gujarat,Surat,Theft,2022-07-04,09:33:00,21.18955,72.84965,53.0,Female
Tamil Nadu,Coimbatore,Fraud,2021-03-15,13:44:00,11.05328,77.00214,31.0,Female
Uttar Pradesh,Noida,Assault,2024-03-15,22:29:00,28.5794,77.42458,68.0,Female
Delhi,New Delhi,Kidnapping,2024-02-03,04:45:00,28.66179,77.19836,57.0,Female
Uttar Pradesh,Lucknow,Robbery,2021-11-18,06:45:00,26.83879,80.96971,63.0,Female
Tamil Nadu,Chennai,Robbery,2021-12-02,14:11:00,13.11669,80.26865,51.0,Male
Gujarat,Ahmedabad,Theft,2021-09-15,08:28:00,22.9882,72.55774,41.0,Male
Telangana,Warangal,Vehicle Theft,2022-08-17,17:11:00,17.95707,79.56802,50.0,Female
Maharashtra,Mumbai,Vehicle Theft,2022-12-24,13:40:00,19.04897,72.92427,25.0,Male
Maharashtra,Nagpur,Fraud,2022-08-26,14:17:00,21.16449,79.01819,33.0,Male
Uttar Pradesh,Kanpur,Assault,2023-04-02,18:08:00,26.48301,80.39421,65.0,Female
Tamil Nadu,Coimbatore,Burglary,2024-02-07,08:02:00,11.02007,76.94772,59.0,Female
Telangana,Warangal,Cybercrime,2021-11-26,04:24:00,18.00787,79.59011,66.0,Female
Uttar Pradesh,Kanpur,Vehicle Theft,2023-03-21,19:40:00,26.43772,80.31726,42.0,Female
Gujarat,Ahmedabad,Burglary,2024-11-02,14:56:00,22.99817,72.55868,57.0,Female
Gujarat,Ahmedabad,Assault,2024-02-07,02:42:00,22.9836,72.56636,27.0,Male
Delhi,Rohini,Theft,2023-05-05,09:33:00,28.76586,77.06748,31.0,Female
Tamil Nadu,Chennai,Domestic Violence,2021-11-26,19:15:00,13.02205,80.27635,49.0,Female
Uttar Pradesh,Kanpur,Vandalism,2021-11-16,04:46:00,26.44793,80.32799,59.0,Female
Karnataka,Mysuru,Assault,2023-05-23,05:08:00,12.29493,76.66346,44.0,Male
Delhi,Dwarka,Burglary,2022-07-15,05:29:00,28.58834,76.98022,32.0,Male
West Bengal,Howrah,Theft,2021-04-07,11:52:00,22.63253,88.29058,16.0,Male
Uttar Pradesh,Lucknow,Cybercrime,2023-04-11,11:02:00,26.8982,80.95249,19.0,Female
Tamil Nadu,Chennai,Vehicle Theft,2023-10-13,19:22:00,13.03166,80.26354,44.0,Female
Telangana,Warangal,Kidnapping,2021-05-01,06:50:00,18.03479,79.61447,34.0,Male
West Bengal,Kolkata,Burglary,2021-02-06,10:05:00,22.58034,88.36837,37.0,Female
Uttar Pradesh,Noida,Burglary,2021-09-25,11:05:00,28.55343,77.40994,46.0,Female
Tamil Nadu,Chennai,Cybercrime,2023-06-20,18:29:00,13.07364,80.33062,16.0,Female
Delhi,Rohini,Assault,2023-04-24,22:49:00,28.68345,77.07867,19.0,Male
Delhi,Dwarka,Theft,2022-11-16,19:54:00,28.59338,77.08584,64.0,Male
Delhi,Dwarka,Vehicle Theft,2024-02-12,17:33:00,28.53771,77.06008,51.0,Male
Gujarat,Ahmedabad,Vehicle Theft,2024-11-15,15:41:00,22.99853,72.54209,43.0,Female
Delhi,New Delhi,theft,2024-09-20,19:45:00,28.62419,77.22281,29.0,Male
Telangana,Warangal,Robbery,2024-10-01,15:10:00,18.04276,79.60809,61.0,Male
Telangana,Hyderabad,Assault,2023-11-26,05:23:00,17.32759,78.51815,56.0,Male
Karnataka,Mysuru,assault,2024-05-16,05:10:00,12.26521,76.63311,42.0,Female
Maharashtra,Nagpur,Assault,2023-04-17,13:26:00,21.13423,79.0323,32.0,Female
Delhi,Dwarka,Vehicle Theft,2024-10-19,17:03:00,28.57151,77.09212,33.0,Male
Delhi,New Delhi,Burglary,2023-10-20,08:14:00,28.5895,77.20773,41.0,Female
Delhi,Rohini,Assault,2021-11-07,23:29:00,28.76663,77.10322,63.0,Female
Maharashtra,Nagpur,Domestic Violence,2022-11-19,16:31:00,21.14336,79.05892,45.0,Female
Maharashtra,Pune,Domestic Violence,2022-03-10,04:33:00,18.59178,73.82428,50.0,Male
Delhi,Rohini,Domestic Violence,2021-12-07,07:30:00,28.72842,77.07504,38.0,Female
West Bengal,Howrah,Fraud,2022-05-19,09:25:00,22.55314,88.25032,24.0,Male
Delhi,New Delhi,Domestic Violence,2022-11-01,16:17:00,28.63473,77.25208,45.0,Male
West Bengal,Kolkata,Theft,2021-07-07,16:05:00,22.5198,88.37762,46.0,Female
Delhi,New Delhi,Assault,2024-06-22,04:12:00,28.61824,77.15631,69.0,Male
Gujarat,Ahmedabad,Robbery,2023-11-03,01:34:00,23.01203,72.61297,63.0,Female
Uttar Pradesh,Kanpur,Vehicle Theft,2023-06-18,18:55:00,26.47472,80.29764,16.0,Male
West Bengal,Howrah,Assault,2021-09-02,20:48:00,22.60507,88.2596,69.0,Male
Gujarat,Ahmedabad,Robbery,2021-08-10,15:38:00,23.02503,72.57445,44.0,Male
Tamil Nadu,Chennai,Theft,2021-08-06,08:18:00,13.08839,80.25244,26.0,Female
West Bengal,Howrah,Assault,2024-07-23,17:04:00,22.56091,88.22394,59.0,Female
Maharashtra,Pune,cybercrime,2024-05-15,16:45:00,18.59375,73.89776,57.0,Female
Maharashtra,Pune,Theft,2023-04-07,15:19:00,18.5548,73.88738,64.0,Male
Maharashtra,Mumbai,Domestic Violence,2021-09-12,00:26:00,19.02743,72.88042,16.0,Female
West Bengal,Kolkata,Kidnapping,2022-10-08,16:40:00,22.59916,88.34317,68.0,Female
Gujarat,Surat,Assault,2021-03-23,19:31:00,21.22258,72.85577,55.0,Female
Tamil Nadu,Chennai,Cybercrime,2024-05-18,22:38:00,13.07017,80.34904,48.0,Male
Delhi,Rohini,Assault,2023-06-21,05:45:00,28.76103,77.09898,26.0,Female
Maharashtra,Mumbai,Assault,2024-08-11,06:25:00,19.06252,72.92139,44.0,Female
Karnataka,Mysuru,Cybercrime,2024-06-06,17:00:00,12.31181,76.63127,40.0,Male
Karnataka,Mysuru,Assault,2021-11-04,20:24:00,12.26554,76.61333,27.0,Male
Telangana,Warangal,Assault,2021-01-12,05:55:00,17.95897,79.58307,21.0,Male
Tamil Nadu,Chennai,Theft,2023-02-05,04:05:00,13.1064,80.29259,40.0,Female
Karnataka,Bengaluru,Theft,2022-12-11,02:42:00,12.96751,77.64926,21.0,Female
West Bengal,Howrah,Vandalism,2023-09-03,09:58:00,22.62511,88.23313,45.0,Male
Maharashtra,Pune,Kidnapping,2022-02-12,23:28:00,18.51496,73.88888,35.0,Female
Maharashtra,Pune,vehicle theft,2024-08-20,20:08:00,18.50138,73.87959,21.0,Male
Karnataka,Bengaluru,Burglary,2022-11-24,00:16:00,13.01826,77.59217,53.0,Female
Delhi,New Delhi,Theft,2023-03-16,06:41:00,28.5905,77.30079,33.0,Female
West Bengal,Howrah,Theft,2024-07-20,21:55:00,22.54069,88.24267,51.0,Female
Maharashtra,Nagpur,theft,2021-02-27,20:13:00,21.12988,79.06306,51.0,Male
Uttar Pradesh,Kanpur,Burglary,2023-10-01,22:38:00,26.4581,80.34635,63.0,Male
Delhi,Dwarka,Vehicle Theft,2024-03-10,,,,,Female
Gujarat,Ahmedabad,Cybercrime,2021-04-26,13:20:00,23.00619,72.5288,32.0,Female
Delhi,New Delhi,Cybercrime,2022-04-04,06:55:00,28.6146,77.17303,25.0,Female
Uttar Pradesh,Noida,Robbery,2023-11-05,14:49:00,28.59334,77.43828,30.0,Male
Maharashtra,Nagpur,Theft,2021-12-15,22:09:00,21.10781,79.06867,66.0,Female
Delhi,New Delhi,Vehicle Theft,2024-07-02,11:49:00,28.59162,77.23509,51.0,Female
Maharashtra,Pune,Cybercrime,2024-06-07,06:44:00,18.56265,73.84396,51.0,Female
West Bengal,Kolkata,Theft,2024-10-07,,,,,Female
Karnataka,Mysuru,Kidnapping,2023-03-03,13:19:00,12.28616,76.56352,47.0,Male
Maharashtra,Pune,Burglary,2022-02-11,06:50:00,18.48193,73.85518,62.0,Male
Telangana,Hyderabad,Burglary,2021-05-07,03:59:00,17.36455,78.54794,65.0,Male
Karnataka,Bengaluru,Cybercrime,2024-05-07,22:40:00,12.98054,77.57047,57.0,Male
Uttar Pradesh,Noida,Burglary,2024-03-24,11:05:00,28.52913,77.39878,48.0,Female
Telangana,Hyderabad,Cybercrime,2021-02-23,05:30:00,17.42651,78.50622,29.0,Male
Delhi,New Delhi,Assault,2024-01-13,21:24:00,28.5777,77.27893,18.0,Male
Karnataka,Bengaluru,Vandalism,2021-10-15,17:05:00,12.96304,77.58012,62.0,Male
West Bengal,Kolkata,Burglary,2023-03-06,05:06:00,22.5624,88.35137,60.0,Female
West Bengal,Kolkata,Theft,2022-06-21,13:47:00,22.51166,88.32724,65.0,Male
Tamil Nadu,Coimbatore,Theft,2021-04-11,14:15:00,11.00066,76.97707,27.0,Male
Maharashtra,Nagpur,Fraud,2022-08-02,16:34:00,21.15671,79.12075,33.0,Male
Gujarat,Ahmedabad,Burglary,2022-05-20,14:39:00,23.06079,72.56743,23.0,Male
Telangana,Warangal,Burglary,2024-04-18,03:55:00,18.00467,79.63671,33.0,Male
Delhi,Rohini,Vehicle Theft,2021-04-04,14:41:00,28.71185,77.05375,27.0,Female
West Bengal,Kolkata,Theft,2022-09-14,,,,,Male
Tamil Nadu,Chennai,Theft,2022-06-27,01:03:00,13.10877,80.27623,16.0,Female
Maharashtra,Nagpur,Fraud,2022-03-10,00:09:00,21.10824,79.11944,47.0,Male
Delhi,Dwarka,Theft,2022-11-02,18:54:00,28.61418,77.01115,21.0,Female
Gujarat,Ahmedabad,Robbery,2021-08-02,16:13:00,22.99948,72.62579,20.0,Female
West Bengal,Kolkata,Cybercrime,2024-03-20,13:59:00,22.54252,88.34833,22.0,Female
Uttar Pradesh,Kanpur,Theft,2021-07-17,22:45:00,26.41019,80.30661,29.0,Male
Maharashtra,Nagpur,Robbery,2021-02-24,03:08:00,21.16846,79.068,48.0,Male
Delhi,Dwarka,Robbery,2021-08-21,09:15:00,28.60838,77.05328,45.0,Female
Gujarat,Surat,Kidnapping,2024-10-25,17:38:00,21.19005,72.81091,19.0,Male
Delhi,New Delhi,Theft,2024-02-17,08:10:00,28.63012,77.26817,53.0,Female
Delhi,Rohini,Assault,2023-08-01,19:16:00,28.73407,77.07817,44.0,Female
Maharashtra,Nagpur,Robbery,2021-02-22,19:58:00,21.15855,79.08398,52.0,Male
Tamil Nadu,Chennai,theft,2022-02-14,08:05:00,13.06205,80.26845,39.0,Female
Delhi,New Delhi,Assault,2023-04-18,21:56:00,28.59541,77.18147,45.0,Male
Maharashtra,Nagpur,Assault,2023-04-22,14:52:00,21.1693,79.03516,43.0,Female
Tamil Nadu,Chennai,Vehicle Theft,2023-01-08,19:05:00,13.06164,80.28695,20.0,Male
Maharashtra,Mumbai,Robbery,2021-04-02,00:28:00,19.03514,72.83434,42.0,Male
Gujarat,Surat,Vandalism,2022-02-26,23:18:00,21.16381,72.86174,47.0,Female
Uttar Pradesh,Kanpur,Vehicle Theft,2024-05-15,03:19:00,26.46187,80.32071,41.0,Male
Maharashtra,Mumbai,Theft,2021-03-23,15:01:00,19.09712,72.84624,49.0,Male
Tamil Nadu,Chennai,Robbery,2022-09-16,13:29:00,13.11306,80.31281,35.0,Female
Gujarat,Ahmedabad,Vehicle Theft,2021-01-04,,,,,Female
Maharashtra,Mumbai,Cybercrime,2021-04-02,02:56:00,19.06146,72.89337,58.0,Female
Tamil Nadu,Chennai,Theft,2021-09-24,02:05:00,13.09079,80.27775,19.0,Female
Tamil Nadu,Coimbatore,Fraud,2023-07-17,04:50:00,11.02258,76.98948,63.0,Female
West Bengal,Kolkata,kidnapping,2022-04-19,00:04:00,22.62233,88.3377,28.0,Male
West Bengal,Howrah,Burglary,2024-11-15,04:20:00,22.58129,88.27485,25.0,Male
Uttar Pradesh,Kanpur,Cybercrime,2024-10-04,14:52:00,26.44368,80.31968,57.0,Female
Maharashtra,Nagpur,Burglary,2021-03-14,07:21:00,21.13401,79.14031,46.0,Female
Delhi,Rohini,Burglary,2021-05-08,14:51:00,28.7782,77.05482,47.0,Female
Uttar Pradesh,Lucknow,Theft,2023-05-12,00:53:00,26.82951,80.96461,15.0,Male
Karnataka,Mysuru,Assault,2023-01-18,21:31:00,12.32318,76.66828,40.0,Male
Telangana,Hyderabad,Vehicle Theft,2024-07-06,13:41:00,17.37168,78.47181,43.0,Male
Delhi,New Delhi,Theft,2022-09-07,23:38:00,28.5939,77.24306,16.0,Female
Maharashtra,Nagpur,Robbery,2021-06-18,20:04:00,21.1733,79.09652,42.0,Female
Maharashtra,Nagpur,Fraud,2022-07-10,06:52:00,21.08943,79.07608,42.0,Female
Delhi,Dwarka,Theft,2023-06-09,14:13:00,28.54316,77.03555,54.0,Male
Maharashtra,Nagpur,Domestic Violence,2022-05-08,15:06:00,21.15133,79.10418,37.0,Female
Maharashtra,Nagpur,Kidnapping,2024-06-23,17:33:00,21.13565,79.00689,39.0,Male
Uttar Pradesh,Lucknow,Vehicle Theft,2024-04-12,07:26:00,26.77922,80.95247,15.0,Female
Delhi,New Delhi,Assault,2021-02-24,03:20:00,28.62309,77.21274,29.0,Male
Gujarat,Surat,Robbery,2024-07-18,00:01:00,21.18876,72.82262,16.0,Male
Gujarat,Ahmedabad,Theft,2024-01-22,06:27:00,23.00293,72.5688,36.0,Male
Uttar Pradesh,Noida,Fraud,2021-08-11,07:28:00,28.4832,77.36713,32.0,Female
Tamil Nadu,Coimbatore,Assault,2023-05-15,16:25:00,10.96125,76.94017,24.0,Female
Karnataka,Mysuru,Assault,2022-09-03,20:54:00,12.31629,76.68913,45.0,Female
Delhi,Dwarka,Vehicle Theft,2022-12-01,22:51:00,28.53133,77.04988,46.0,Female
Delhi,Rohini,Robbery,2022-05-12,20:54:00,28.78285,77.06724,37.0,Female
Uttar Pradesh,Noida,Vehicle Theft,2023-09-14,10:48:00,28.54642,77.40675,43.0,Female
West Bengal,Howrah,Vandalism,2021-12-13,22:53:00,22.55762,88.27879,56.0,Male
West Bengal,Howrah,Vehicle Theft,2024-08-24,20:06:00,22.5974,88.26492,69.0,Male
Uttar Pradesh,Lucknow,Theft,2022-11-27,11:29:00,26.84587,80.89856,17.0,Male
Delhi,Dwarka,Fraud,2023-08-07,17:35:00,28.59909,77.01771,33.0,Female
Uttar Pradesh,Kanpur,Domestic Violence,2022-03-04,07:39:00,26.46374,80.39292,40.0,Male
Maharashtra,Mumbai,Domestic Violence,2024-08-15,06:20:00,19.0669,72.90987,17.0,Female
Gujarat,Ahmedabad,Kidnapping,2023-08-12,12:31:00,23.02355,72.55603,54.0,Female
Delhi,New Delhi,Fraud,2024-10-24,00:28:00,28.63599,77.21697,24.0,Female
Gujarat,Ahmedabad,Burglary,2024-06-08,07:35:00,23.06622,72.56975,36.0,Female
Uttar Pradesh,Lucknow,Fraud,2021-08-22,15:24:00,26.88666,80.96508,64.0,Female
Gujarat,Ahmedabad,Vehicle Theft,2023-10-11,07:26:00,22.9919,72.58632,59.0,Male
Maharashtra,Mumbai,Vandalism,2021-07-24,17:52:00,19.0867,72.86787,52.0,Male
Karnataka,Bengaluru,Vehicle Theft,2024-03-12,22:46:00,12.96163,77.54643,15.0,Female
Delhi,New Delhi,cybercrime,2021-05-09,12:36:00,28.61064,77.25584,46.0,Female
Tamil Nadu,Chennai,Theft,2024-04-08,23:30:00,13.07295,80.29589,49.0,Male
Telangana,Hyderabad,Vehicle Theft,2023-10-24,04:40:00,17.37701,78.46753,26.0,Male
Telangana,Warangal,Cybercrime,2024-05-13,14:18:00,18.00901,79.54288,18.0,Male
Telangana,Warangal,Burglary,2023-09-01,02:48:00,17.95321,79.61553,51.0,Female
Karnataka,Bengaluru,Assault,2022-03-12,20:45:00,12.93529,77.60872,31.0,Female
Delhi,Rohini,Theft,2022-07-05,21:25:00,28.74465,77.04875,27.0,Male
Gujarat,Surat,Domestic Violence,2021-09-11,05:15:00,21.23164,72.83335,38.0,Female
Tamil Nadu,Chennai,Assault,2023-11-17,17:17:00,13.05901,80.25359,58.0,Female
Karnataka,Bengaluru,Vehicle Theft,2022-04-24,,,,,Female
Tamil Nadu,Chennai,Theft,2021-08-10,08:57:00,13.12675,80.2721,52.0,Male
Delhi,Dwarka,theft,2024-07-07,18:59:00,28.56904,77.02862,38.0,Male
Maharashtra,Mumbai,Domestic Violence,2022-02-07,10:34:00,19.11175,72.85596,19.0,Male
Uttar Pradesh,Lucknow,Cybercrime,2024-06-24,17:42:00,26.84508,81.00666,62.0,Female
Telangana,Warangal,Fraud,2024-05-20,09:48:00,18.01372,79.57442,24.0,Female
West Bengal,Howrah,Fraud,2021-06-20,19:46:00,22.55562,88.21632,58.0,Female
Uttar Pradesh,Lucknow,Kidnapping,2024-03-25,10:34:00,26.88969,80.93421,55.0,Female
Delhi,New Delhi,Robbery,2024-10-22,10:38:00,28.6327,77.21944,26.0,Female
West Bengal,Kolkata,Robbery,2021-03-07,20:52:00,22.58507,88.35112,62.0,Male
Uttar Pradesh,Kanpur,Assault,2021-10-18,11:22:00,26.45311,80.34564,33.0,Male
Gujarat,Ahmedabad,Vandalism,2021-06-09,09:05:00,22.99158,72.58933,38.0,Female
Telangana,Warangal,burglary,2021-08-08,15:39:00,17.94649,79.60203,66.0,Female
Telangana,Hyderabad,Vehicle Theft,2024-06-20,14:04:00,17.38243,78.42884,51.0,Male
Tamil Nadu,Coimbatore,Kidnapping,2022-03-10,12:41:00,10.9802,76.95349,66.0,Female
Karnataka,Mysuru,Burglary,2023-09-09,00:01:00,12.28964,76.65691,21.0,Female
West Bengal,Howrah,Fraud,2023-05-01,06:07:00,22.57255,88.23718,15.0,Female
Delhi,New Delhi,Theft,2021-06-18,18:37:00,28.63489,77.23705,66.0,Female
Telangana,Hyderabad,Vehicle Theft,2021-01-20,10:18:00,17.39241,78.46493,36.0,Male
Uttar Pradesh,Noida,fraud,2024-06-17,02:32:00,28.52036,77.43733,35.0,Female
Karnataka,Bengaluru,Burglary,2024-12-18,14:36:00,13.05499,77.583,41.0,Female
Tamil Nadu,Chennai,Assault,2022-09-19,23:02:00,13.06405,80.26466,34.0,Female
Telangana,Warangal,Cybercrime,2021-08-02,23:53:00,17.93984,79.60591,42.0,Female
Delhi,New Delhi,Assault,2022-07-08,22:22:00,28.61205,77.24409,29.0,Male
Tamil Nadu,Coimbatore,Assault,2023-09-12,01:00:00,11.02961,76.97138,40.0,Male
Karnataka,Bengaluru,Burglary,2024-04-16,00:15:00,12.91443,77.60525,22.0,Male
Telangana,Hyderabad,Theft,2024-02-16,23:38:00,17.38628,78.54044,37.0,Male
Maharashtra,Nagpur,Robbery,2022-07-25,11:42:00,21.10169,79.08286,46.0,Female
Maharashtra,Nagpur,kidnapping,2022-04-14,03:50:00,21.13938,79.09703,51.0,Female
Gujarat,Surat,Burglary,2023-01-11,20:08:00,21.1821,72.83903,55.0,Female
Telangana,Warangal,Vehicle Theft,2021-05-14,16:05:00,17.97612,79.5995,59.0,Female
Telangana,Hyderabad,Vehicle Theft,2023-10-24,06:23:00,17.37868,78.47713,37.0,Female
Gujarat,Surat,Cybercrime,2024-06-14,05:51:00,21.2343,72.82567,62.0,Male
Delhi,New Delhi,Vehicle Theft,2023-09-23,02:08:00,28.60444,77.20391,58.0,Female
Delhi,Dwarka,Theft,2023-06-02,06:26:00,28.58918,77.12819,33.0,Female
Maharashtra,Pune,Theft,2021-10-06,07:36:00,18.50955,73.85875,32.0,Male
Uttar Pradesh,Lucknow,Domestic Violence,2024-04-04,10:20:00,26.86842,80.91049,67.0,Male
Maharashtra,Mumbai,Vandalism,2023-02-26,16:06:00,19.08545,72.89389,44.0,Male
Delhi,Rohini,Burglary,2024-05-10,02:25:00,28.73389,77.0333,42.0,Male
Delhi,Dwarka,Theft,2024-12-15,17:11:00,28.60171,77.08307,65.0,Male
Uttar Pradesh,Lucknow,Vehicle Theft,2024-08-11,02:35:00,26.81053,80.90359,39.0,Male
Karnataka,Bengaluru,Burglary,2021-02-13,01:59:00,13.02473,77.57491,44.0,Male
Uttar Pradesh,Lucknow,Burglary,2021-03-07,00:40:00,26.92039,80.89815,20.0,Male
Delhi,Dwarka,Assault,2023-12-24,09:14:00,28.57773,77.00639,18.0,Male
Telangana,Hyderabad,Theft,2021-08-08,06:59:00,17.39469,78.47752,24.0,Male
West Bengal,Kolkata,Burglary,2023-10-13,23:05:00,22.53035,88.32097,68.0,Male
Tamil Nadu,Chennai,Domestic Violence,2023-10-07,22:26:00,13.08926,80.30599,50.0,Female
Gujarat,Ahmedabad,Assault,2023-10-18,05:32:00,22.99787,72.59209,60.0,Female
West Bengal,Kolkata,Fraud,2024-06-14,18:41:00,22.55119,88.43552,22.0,Female
Karnataka,Mysuru,Burglary,2021-05-10,01:43:00,12.2722,76.6685,24.0,Female
Tamil Nadu,Chennai,Fraud,2022-11-05,07:18:00,13.07582,80.24588,67.0,Male
Gujarat,Surat,theft,2023-06-16,05:07:00,21.17658,72.83804,55.0,Female
Telangana,Warangal,Theft,2024-05-11,15:36:00,18.00126,79.60382,38.0,Female
Tamil Nadu,Chennai,Vehicle Theft,2023-01-05,22:27:00,13.04928,80.2832,31.0,Female
Maharashtra,Mumbai,Vehicle Theft,2024-12-09,12:01:00,19.09406,72.85664,48.0,Male
Maharashtra,Nagpur,Fraud,2024-06-06,03:13:00,21.17286,79.0962,23.0,Female
Karnataka,Mysuru,Domestic Violence,2022-04-16,15:26:00,12.32999,76.64985,45.0,Female
Maharashtra,Nagpur,Robbery,2023-08-25,11:31:00,21.19126,79.11703,63.0,Female
West Bengal,Howrah,Fraud,2022-04-24,14:21:00,22.56938,88.23406,62.0,Female
Gujarat,Surat,Domestic Violence,2024-05-11,10:59:00,21.15615,72.84862,59.0,Male
West Bengal,Howrah,Domestic Violence,2023-09-22,15:03:00,22.59079,88.26577,38.0,Male
Maharashtra,Mumbai,Fraud,2023-10-20,04:47:00,19.07104,72.86001,58.0,Male
Maharashtra,Pune,Vehicle Theft,2022-04-02,00:05:00,18.53716,73.86727,52.0,Female
Delhi,Dwarka,Assault,2023-06-13,17:34:00,28.58905,77.05335,17.0,Male
Uttar Pradesh,Kanpur,Theft,2023-07-18,06:31:00,26.44676,80.32818,62.0,Male
Delhi,Rohini,Assault,2021-05-15,15:27:00,28.70953,77.04226,31.0,Female
Karnataka,Bengaluru,fraud,2021-07-10,14:33:00,12.97334,77.58288,69.0,Male
Uttar Pradesh,Noida,Robbery,2021-05-14,11:55:00,28.55764,77.4593,65.0,Male
Delhi,New Delhi,Vehicle Theft,2021-01-12,17:59:00,28.63853,77.22209,45.0,Female
West Bengal,Howrah,Domestic Violence,2021-09-05,21:06:00,22.58545,88.28627,61.0,Male
Maharashtra,Pune,Robbery,2024-10-07,04:40:00,18.50072,73.87241,18.0,Female
Uttar Pradesh,Lucknow,Assault,2022-04-04,13:34:00,26.82499,80.92663,33.0,Male
Delhi,Rohini,Cybercrime,2022-03-09,00:44:00,28.73687,77.06058,33.0,Female
Telangana,Warangal,Theft,2023-12-16,09:15:00,17.94642,79.57573,40.0,Female
Tamil Nadu,Coimbatore,Theft,2023-03-14,09:48:00,11.01067,76.96355,62.0,Female
Telangana,Warangal,Vehicle Theft,2024-06-14,12:43:00,17.97451,79.542,32.0,Male
Gujarat,Ahmedabad,fraud,2022-05-08,03:09:00,23.03384,72.61115,25.0,Female
Maharashtra,Nagpur,assault,2021-07-26,22:16:00,21.10564,79.08123,38.0,Male
West Bengal,Howrah,Cybercrime,2023-07-09,10:29:00,22.61421,88.26521,59.0,Female
Gujarat,Ahmedabad,Fraud,2022-09-24,02:12:00,23.0353,72.5811,66.0,Female
Gujarat,Ahmedabad,Robbery,2024-01-27,08:07:00,23.02213,72.58253,48.0,Female
Delhi,Rohini,Theft,2024-07-27,21:36:00,28.77066,77.08429,25.0,Male
Telangana,Warangal,Fraud,2022-05-06,10:10:00,17.98755,79.56973,47.0,Female
Tamil Nadu,Chennai,Vandalism,2023-04-10,17:00:00,13.08327,80.29663,24.0,Male
Telangana,Warangal,Cybercrime,2021-07-24,19:13:00,17.9744,79.63539,29.0,Male
Gujarat,Surat,Fraud,2024-10-11,14:49:00,21.18628,72.92913,52.0,Male
Telangana,Hyderabad,Vehicle Theft,2022-01-01,17:22:00,17.41215,78.52187,61.0,Female
Gujarat,Ahmedabad,Vehicle Theft,2021-01-23,16:04:00,23.02913,72.57778,58.0,Female
West Bengal,Howrah,Theft,2021-02-19,13:05:00,22.56454,88.24044,27.0,Female
Telangana,Hyderabad,Vehicle Theft,2024-06-23,13:10:00,17.42897,78.47897,47.0,Male
Tamil Nadu,Coimbatore,Robbery,2024-12-14,07:41:00,11.05053,77.00033,41.0,Female
West Bengal,Howrah,Vandalism,2023-12-21,14:07:00,22.62203,88.24287,39.0,Male
Uttar Pradesh,Kanpur,Burglary,2024-02-11,12:05:00,26.41652,80.34284,24.0,Male
Uttar Pradesh,Noida,Domestic Violence,2021-03-01,23:31:00,28.52365,77.36225,26.0,Male
Maharashtra,Nagpur,Domestic Violence,2023-04-14,03:49:00,21.12458,79.0676,54.0,Male
Telangana,Hyderabad,Cybercrime,2023-01-10,13:26:00,17.42344,78.48924,33.0,Male
Telangana,Warangal,Fraud,2024-09-14,00:35:00,18.01088,79.57233,30.0,Female
Gujarat,Ahmedabad,Domestic Violence,2022-10-05,11:22:00,23.03309,72.49966,27.0,Male
Uttar Pradesh,Lucknow,Fraud,2024-07-26,00:17:00,26.84542,80.96439,15.0,Female
Delhi,Dwarka,Burglary,2023-05-16,06:22:00,28.54713,77.04949,22.0,Male
Karnataka,Bengaluru,Burglary,2024-11-22,19:06:00,13.02611,77.55824,35.0,Female
Telangana,Hyderabad,Burglary,2021-05-09,10:02:00,17.37087,78.48787,52.0,Female
West Bengal,Kolkata,Assault,2023-05-14,11:17:00,22.58375,88.33719,45.0,Female
Gujarat,Surat,Cybercrime,2023-04-15,05:20:00,21.17267,72.78706,31.0,Male
Uttar Pradesh,Noida,Assault,2023-05-10,07:12:00,28.54557,77.40117,68.0,Female
Delhi,Dwarka,Vandalism,2023-11-07,02:54:00,28.58663,77.04188,19.0,Male
Gujarat,Ahmedabad,Cybercrime,2022-07-25,05:38:00,22.95692,72.52559,60.0,Female
Uttar Pradesh,Noida,Burglary,2024-05-24,14:16:00,28.54924,77.37024,57.0,Male
Telangana,Warangal,Vehicle Theft,2024-11-06,23:44:00,17.98347,79.63243,20.0,Female
Tamil Nadu,Chennai,Fraud,2022-02-21,10:01:00,13.06907,80.23958,58.0,Male
Maharashtra,Mumbai,Assault,2024-05-24,04:23:00,19.1141,72.861,56.0,Female
West Bengal,Howrah,Theft,2024-08-04,05:18:00,22.61839,88.24044,48.0,Female
Gujarat,Ahmedabad,Theft,2023-05-26,18:55:00,23.05769,72.59396,61.0,Male
Uttar Pradesh,Noida,Burglary,2023-12-15,16:46:00,28.49328,77.38534,62.0,Male
West Bengal,Howrah,Theft,2021-08-12,20:42:00,22.65324,88.28844,22.0,Male
Maharashtra,Pune,Vehicle Theft,2024-02-10,12:16:00,18.45525,73.85489,21.0,Female
Tamil Nadu,Chennai,Theft,2022-09-07,00:28:00,13.0832,80.24694,52.0,Female
Telangana,Warangal,Theft,2023-05-20,15:59:00,17.95934,79.58597,63.0,Female
Maharashtra,Mumbai,Cybercrime,2024-10-06,00:38:00,19.10559,72.89315,45.0,Male
Gujarat,Surat,Assault,2021-06-23,20:11:00,21.14749,72.88457,60.0,Male
West Bengal,Kolkata,Cybercrime,2023-10-26,20:44:00,22.58468,88.37047,68.0,Male
West Bengal,Kolkata,Cybercrime,2024-03-24,20:14:00,22.62381,88.33249,16.0,Male
Tamil Nadu,Chennai,Vandalism,2024-06-06,,,,,Male
Gujarat,Surat,Cybercrime,2024-05-19,17:19:00,21.20257,72.79177,54.0,Male
Maharashtra,Nagpur,Domestic Violence,2022-04-02,16:43:00,21.16417,79.08013,40.0,Female
Delhi,Dwarka,Assault,2023-08-14,06:12:00,28.61627,77.04121,65.0,Female
West Bengal,Kolkata,Cybercrime,2022-11-24,07:28:00,22.56886,88.36625,25.0,Male
Tamil Nadu,Coimbatore,Burglary,2022-09-18,23:03:00,11.05994,76.98226,24.0,Male
Gujarat,Ahmedabad,Theft,2021-01-01,11:26:00,23.03202,72.5378,17.0,Female
Gujarat,Ahmedabad,Burglary,2021-11-13,04:50:00,23.03994,72.57164,52.0,Male
Uttar Pradesh,Kanpur,domestic violence,2022-11-03,02:59:00,26.42867,80.31035,46.0,Female
Gujarat,Ahmedabad,theft,2022-06-16,02:24:00,23.04674,72.53329,36.0,Female
Uttar Pradesh,Lucknow,Theft,2022-04-27,00:51:00,26.86204,80.94954,30.0,Male
Maharashtra,Pune,theft,2021-10-24,17:56:00,18.53338,73.85292,33.0,Female
Telangana,Warangal,Assault,2021-04-08,10:25:00,17.98888,79.56706,62.0,Female
Delhi,Dwarka,Fraud,2023-06-11,09:40:00,28.59646,77.08464,28.0,Female
Gujarat,Surat,Vandalism,2024-06-21,08:52:00,21.1646,72.85646,35.0,Female
Maharashtra,Pune,Theft,2022-01-10,11:47:00,18.54271,73.88206,38.0,Female
Tamil Nadu,Coimbatore,Theft,2024-05-12,14:03:00,11.01538,76.97172,42.0,Male
West Bengal,Howrah,Cybercrime,2022-10-02,18:20:00,22.58304,88.26593,18.0,Female
Telangana,Hyderabad,Burglary,2022-11-04,08:38:00,17.35492,78.56894,28.0,Female
Uttar Pradesh,Lucknow,Theft,2021-04-18,14:12:00,26.90219,80.95766,35.0,Male
West Bengal,Kolkata,Theft,2023-06-16,14:23:00,22.54611,88.32867,62.0,Male
West Bengal,Kolkata,Vehicle Theft,2022-10-25,05:32:00,22.55484,88.40959,37.0,Male
Gujarat,Surat,Vehicle Theft,2024-07-13,22:49:00,21.14705,72.8361,42.0,Female
Uttar Pradesh,Lucknow,Theft,2023-07-20,01:38:00,26.85136,80.94349,15.0,Male
Gujarat,Ahmedabad,Theft,2022-06-13,01:45:00,23.04001,72.55016,30.0,Female
Gujarat,Surat,Vehicle Theft,2024-05-27,22:52:00,21.14639,72.75418,22.0,Female
Tamil Nadu,Chennai,Theft,2024-04-26,22:30:00,13.10697,80.24181,32.0,Male
Tamil Nadu,Coimbatore,Robbery,2024-07-12,03:12:00,10.99753,76.93373,40.0,Female
Gujarat,Surat,Assault,2023-08-13,10:24:00,21.17796,72.80871,46.0,Female
West Bengal,Kolkata,assault,2024-01-01,05:14:00,22.57324,88.38779,64.0,Female
Karnataka,Mysuru,Burglary,2022-08-11,16:58:00,12.28454,76.6148,37.0,Female
Tamil Nadu,Coimbatore,Domestic Violence,2024-03-17,02:17:00,10.99949,77.00409,24.0,Male
Uttar Pradesh,Noida,Theft,2022-01-23,,,,,Female
Karnataka,Mysuru,Assault,2022-01-09,14:08:00,12.2852,76.63432,56.0,Female
Maharashtra,Mumbai,Robbery,2021-10-09,03:51:00,19.10299,72.9014,19.0,Female
Uttar Pradesh,Kanpur,Burglary,2021-10-14,02:53:00,26.44336,80.33857,62.0,Female
Gujarat,Ahmedabad,Burglary,2022-03-06,10:55:00,23.03816,72.52812,49.0,Female
Uttar Pradesh,Lucknow,Vehicle Theft,2023-04-15,19:13:00,26.83061,80.95138,63.0,Male
West Bengal,Kolkata,Cybercrime,2024-08-10,08:42:00,22.60479,88.31906,62.0,Male
Uttar Pradesh,Noida,Vandalism,2022-04-07,23:16:00,28.55462,77.38389,52.0,Female
Delhi,Dwarka,Burglary,2024-07-17,21:42:00,28.62882,77.02049,58.0,Female
Delhi,Rohini,Robbery,2024-12-16,08:52:00,28.80544,77.08438,40.0,Male
Telangana,Hyderabad,Assault,2021-05-25,22:52:00,17.39551,78.51239,32.0,Female
Gujarat,Ahmedabad,Assault,2022-08-05,17:16:00,23.02257,72.60022,25.0,Male
Telangana,Hyderabad,Vehicle Theft,2022-09-10,06:31:00,17.38702,78.4754,56.0,Male
Karnataka,Bengaluru,Theft,2023-10-10,21:43:00,12.96658,77.61142,36.0,Female
Tamil Nadu,Chennai,cybercrime,2023-12-26,12:33:00,13.06349,80.25642,59.0,Female
Uttar Pradesh,Kanpur,Burglary,2023-04-21,14:14:00,26.41637,80.30665,66.0,Male
Tamil Nadu,Coimbatore,Burglary,2021-05-19,17:13:00,11.02262,76.92492,23.0,Female
Delhi,New Delhi,Theft,2021-01-11,00:19:00,28.63292,77.18687,46.0,Female
Telangana,Hyderabad,Burglary,2023-11-25,13:24:00,17.42135,78.44302,37.0,Female
Telangana,Hyderabad,Domestic Violence,2024-10-07,15:18:00,17.40499,78.50225,25.0,Male
West Bengal,Howrah,Theft,2021-12-07,02:27:00,22.56037,88.26841,15.0,Male
Karnataka,Mysuru,Burglary,2023-12-05,23:28:00,12.31235,76.65469,33.0,Male
West Bengal,Howrah,Fraud,2023-02-26,01:39:00,22.58554,88.26978,39.0,Female
Uttar Pradesh,Noida,Burglary,2022-08-15,01:12:00,28.50194,77.36599,18.0,Male
Telangana,Warangal,Vehicle Theft,2022-08-26,10:35:00,17.91553,79.59612,65.0,Male
Uttar Pradesh,Lucknow,Cybercrime,2023-10-12,10:19:00,26.81814,80.93061,21.0,Male
Telangana,Warangal,Theft,2024-07-09,14:14:00,17.98107,79.54213,25.0,Female
Gujarat,Surat,burglary,2024-03-05,04:18:00,21.17561,72.79155,23.0,Female
West Bengal,Kolkata,Fraud,2024-02-18,23:48:00,22.59351,88.33666,27.0,Female
Maharashtra,Pune,Burglary,2024-01-15,16:32:00,18.46987,73.87699,45.0,Male
Uttar Pradesh,Lucknow,Burglary,2022-02-06,22:17:00,26.90368,80.98755,43.0,Male
Karnataka,Bengaluru,Burglary,2023-05-10,05:27:00,12.96868,77.53934,48.0,Male
Tamil Nadu,Chennai,Theft,2021-05-25,17:50:00,13.0631,80.2888,24.0,Male
Maharashtra,Nagpur,assault,2024-07-22,,,,,Male
Maharashtra,Nagpur,Assault,2022-05-04,23:01:00,21.12739,79.09245,45.0,Female
Telangana,Warangal,Vehicle Theft,2024-10-08,16:01:00,17.92665,79.65102,27.0,Male
Telangana,Hyderabad,Burglary,2023-07-19,20:20:00,17.33819,78.48503,24.0,Male
Gujarat,Ahmedabad,Kidnapping,2021-03-17,19:46:00,23.04642,72.57249,53.0,Female
West Bengal,Kolkata,Assault,2022-07-22,13:34:00,22.52528,88.31445,17.0,Female
Gujarat,Surat,Burglary,2024-12-05,15:13:00,21.12765,72.88123,43.0,Male
Delhi,New Delhi,Burglary,2022-11-20,14:02:00,28.5907,77.24181,45.0,Male
Karnataka,Bengaluru,Domestic Violence,2024-10-14,14:53:00,12.9659,77.61874,23.0,Male
Gujarat,Ahmedabad,Theft,2021-01-10,00:25:00,22.97886,72.59239,32.0,Male
Karnataka,Mysuru,Kidnapping,2024-07-04,20:24:00,12.30628,76.58475,42.0,Male
Karnataka,Mysuru,Theft,2024-04-18,17:50:00,12.32559,76.65158,49.0,Female
Delhi,Rohini,Theft,2021-08-01,00:30:00,28.73782,77.05531,45.0,Male
West Bengal,Kolkata,Cybercrime,2022-01-04,20:19:00,22.56414,88.37474,16.0,Male
West Bengal,Howrah,Cybercrime,2023-09-04,03:40:00,22.59453,88.32041,51.0,Male
Karnataka,Bengaluru,Robbery,2021-07-27,06:41:00,12.95043,77.56448,24.0,Male
Delhi,Dwarka,theft,2021-05-26,03:04:00,28.56272,77.02398,62.0,Male
Delhi,Rohini,Domestic Violence,2022-05-16,10:14:00,28.76128,77.05942,35.0,Male
Maharashtra,Pune,Vehicle Theft,2021-11-03,10:06:00,18.56819,73.88727,66.0,Male
Maharashtra,Mumbai,Theft,2021-03-27,19:01:00,19.09426,72.87136,65.0,Female
Uttar Pradesh,Kanpur,Theft,2023-05-03,16:26:00,26.4731,80.325,68.0,Male
Maharashtra,Mumbai,Burglary,2024-06-24,15:02:00,19.06069,72.92145,43.0,Female
Telangana,Hyderabad,Theft,2022-05-07,00:48:00,17.38536,78.48739,69.0,Female
Karnataka,Bengaluru,Assault,2023-03-27,15:19:00,12.98507,77.58854,47.0,Female
Karnataka,Bengaluru,Burglary,2021-11-24,03:55:00,13.01856,77.57118,51.0,Female
West Bengal,Howrah,Fraud,2022-05-27,18:55:00,22.61584,88.23673,46.0,Female
Uttar Pradesh,Noida,Burglary,2024-12-27,04:22:00,28.49059,77.43949,24.0,Female
West Bengal,Howrah,Burglary,2023-08-20,07:38:00,22.66295,88.28479,39.0,Female
Telangana,Warangal,Vandalism,2023-08-07,07:15:00,18.04147,79.63581,19.0,Female
Telangana,Warangal,Burglary,2021-01-10,15:02:00,17.98956,79.56168,69.0,Female
Karnataka,Bengaluru,Burglary,2022-12-10,06:38:00,12.93966,77.59719,44.0,Male
Maharashtra,Nagpur,Assault,2024-04-14,02:47:00,21.11085,79.07,49.0,Male
Delhi,Dwarka,Cybercrime,2021-04-25,18:26:00,28.54246,77.03895,29.0,Female
Karnataka,Bengaluru,Theft,2022-05-08,18:19:00,12.95452,77.58089,53.0,Male
Karnataka,Mysuru,Theft,2022-08-24,,,,,Female
Telangana,Warangal,Cybercrime,2024-03-13,21:24:00,17.96974,79.60501,56.0,Female
Gujarat,Ahmedabad,Cybercrime,2024-04-12,15:21:00,23.00422,72.56384,16.0,Male
Telangana,Hyderabad,Domestic Violence,2022-11-12,22:14:00,17.40866,78.51167,38.0,Male
Karnataka,Mysuru,Vandalism,2021-10-01,14:35:00,12.30475,76.61272,31.0,Male
Uttar Pradesh,Noida,Theft,2023-10-06,05:48:00,28.54961,77.35376,53.0,Male
Delhi,New Delhi,Theft,2024-03-06,09:27:00,28.62995,77.17946,39.0,Male
Telangana,Warangal,Assault,2021-06-17,09:18:00,18.01125,79.57542,32.0,Male
Maharashtra,Pune,Theft,2023-08-11,17:08:00,18.5068,73.91526,42.0,Male
Delhi,New Delhi,burglary,2023-10-25,06:06:00,28.58565,77.18603,57.0,Female
Uttar Pradesh,Lucknow,Theft,2022-02-26,10:08:00,26.91982,80.94907,69.0,Male
Telangana,Warangal,Theft,2024-12-04,15:55:00,17.95371,79.62365,67.0,Male
West Bengal,Kolkata,Assault,2022-10-18,07:25:00,22.61353,88.38539,42.0,Female
Tamil Nadu,Chennai,Kidnapping,2024-02-02,03:22:00,13.10577,80.3099,59.0,Male
Gujarat,Ahmedabad,Fraud,2022-05-10,17:32:00,22.99779,72.57165,17.0,Female
West Bengal,Howrah,Theft,2024-12-17,12:10:00,22.60797,88.27211,24.0,Male
Maharashtra,Pune,Theft,2023-01-03,18:44:00,18.52945,73.88994,22.0,Female
Tamil Nadu,Chennai,Vehicle Theft,2023-02-11,15:38:00,13.04741,80.31302,18.0,Female
Uttar Pradesh,Lucknow,Theft,2021-02-13,12:34:00,26.82219,80.94586,36.0,Male
Gujarat,Ahmedabad,Domestic Violence,2022-11-21,21:49:00,23.02713,72.62871,22.0,Female
Karnataka,Mysuru,Burglary,2023-11-09,11:51:00,12.29516,76.69246,32.0,Male
Delhi,New Delhi,Burglary,2024-03-18,12:36:00,28.61361,77.1995,21.0,Male
Tamil Nadu,Coimbatore,Cybercrime,2024-06-03,15:32:00,11.02838,77.00083,34.0,Male
Delhi,Rohini,Theft,2022-03-12,03:37:00,28.70332,77.01843,46.0,Male
Uttar Pradesh,Lucknow,Domestic Violence,2022-12-09,03:11:00,26.86455,80.98127,55.0,Male
Tamil Nadu,Coimbatore,Vehicle Theft,2024-05-12,20:22:00,11.02409,76.98967,56.0,Male
Karnataka,Mysuru,Vandalism,2021-08-15,00:35:00,12.33362,76.62295,46.0,Male
Maharashtra,Nagpur,Cybercrime,2024-09-04,10:53:00,21.10968,79.11629,30.0,Female
Delhi,New Delhi,Domestic Violence,2023-11-09,13:19:00,28.59346,77.21197,29.0,Female
Karnataka,Bengaluru,Theft,2022-03-25,22:45:00,12.94284,77.57376,28.0,Female
Delhi,Dwarka,Theft,2024-10-01,16:30:00,28.5521,77.06783,15.0,Male
Maharashtra,Nagpur,Cybercrime,2021-11-20,18:28:00,21.15083,79.08201,53.0,Female
Uttar Pradesh,Noida,Vandalism,2023-03-16,01:17:00,28.47932,77.42924,37.0,Male
West Bengal,Howrah,Vehicle Theft,2023-01-25,13:14:00,22.56674,88.27758,49.0,Male
West Bengal,Howrah,Vehicle Theft,2022-05-02,06:53:00,22.58165,88.27721,38.0,Female
Maharashtra,Mumbai,Cybercrime,2023-06-08,17:36:00,19.04643,72.89712,17.0,Female
Uttar Pradesh,Kanpur,Burglary,2023-02-12,02:50:00,26.50626,80.30988,49.0,Male
Karnataka,Bengaluru,Cybercrime,2021-08-26,00:52:00,12.99451,77.60457,48.0,Male
Maharashtra,Pune,Assault,2022-09-05,23:25:00,18.45324,73.82328,38.0,Female
West Bengal,Kolkata,Robbery,2022-01-05,13:10:00,22.58577,88.37607,36.0,Male
Tamil Nadu,Chennai,Burglary,2023-10-16,19:04:00,13.07078,80.2579,69.0,Female
Delhi,Dwarka,Cybercrime,2021-05-10,06:57:00,28.56782,77.07147,26.0,Male
Delhi,Rohini,Assault,2023-07-01,06:31:00,28.74488,77.04543,69.0,Female
Gujarat,Ahmedabad,Domestic Violence,2022-08-19,19:58:00,22.9567,72.58794,48.0,Female
West Bengal,Kolkata,Domestic Violence,2023-07-05,23:34:00,22.57105,88.41411,61.0,Female
West Bengal,Kolkata,Theft,2023-08-24,,,,,Female
Telangana,Hyderabad,Vehicle Theft,2024-02-03,05:32:00,17.3447,78.53574,24.0,Male
West Bengal,Howrah,Fraud,2023-01-10,19:02:00,22.55961,88.25927,20.0,Female
West Bengal,Kolkata,Domestic Violence,2022-06-23,18:03:00,22.60674,88.36152,63.0,Female
Karnataka,Mysuru,Cybercrime,2023-02-11,04:30:00,12.34006,76.60735,60.0,Female
Maharashtra,Nagpur,Theft,2024-04-02,16:53:00,21.11622,79.08997,57.0,Female
Gujarat,Ahmedabad,Domestic Violence,2022-04-05,06:35:00,23.00151,72.57967,63.0,Female
Delhi,Dwarka,Cybercrime,2024-12-19,01:54:00,28.58936,77.00817,16.0,Female
Telangana,Warangal,Domestic Violence,2022-09-14,01:00:00,17.95751,79.63753,25.0,Male
Gujarat,Ahmedabad,Assault,2021-04-21,07:45:00,23.03718,72.64705,27.0,Male
Uttar Pradesh,Kanpur,Burglary,2021-01-19,01:14:00,26.31733,80.35122,65.0,Female
Karnataka,Mysuru,Assault,2023-10-21,19:48:00,12.29474,76.5685,68.0,Female
Karnataka,Bengaluru,Theft,2023-09-19,13:21:00,12.99176,77.64649,54.0,Female
Gujarat,Ahmedabad,Domestic Violence,2022-07-07,02:44:00,23.02433,72.5828,58.0,Female
Gujarat,Ahmedabad,Fraud,2021-09-10,03:10:00,23.01303,72.57122,21.0,Female
West Bengal,Howrah,Cybercrime,2024-07-11,21:24:00,22.62606,88.26014,55.0,Female
West Bengal,Howrah,Robbery,2024-09-21,19:22:00,22.59685,88.25388,18.0,Female
Maharashtra,Pune,Robbery,2023-06-15,14:47:00,18.54549,73.84006,33.0,Male
Karnataka,Bengaluru,Robbery,2022-11-13,17:06:00,13.01213,77.61202,24.0,Male
Uttar Pradesh,Noida,Vehicle Theft,2021-07-22,09:40:00,28.55477,77.45703,33.0,Female
West Bengal,Howrah,Theft,2024-11-24,12:53:00,22.61397,88.26361,41.0,Female
Karnataka,Mysuru,Vehicle Theft,2022-02-13,02:53:00,12.27109,76.66502,53.0,Male
Gujarat,Surat,Vandalism,2024-11-03,00:57:00,21.15612,72.86209,28.0,Female
West Bengal,Howrah,Vehicle Theft,2023-12-07,11:36:00,22.60054,88.26886,53.0,Female
Gujarat,Surat,Burglary,2022-10-13,17:07:00,21.21112,72.83227,22.0,Female
Karnataka,Mysuru,theft,2021-01-05,02:28:00,12.32904,76.66197,16.0,Female
Gujarat,Ahmedabad,Burglary,2021-03-14,18:42:00,22.97797,72.54892,67.0,Male
Karnataka,Bengaluru,Fraud,2021-12-03,,,,,Female
West Bengal,Kolkata,Fraud,2022-02-04,20:26:00,22.55513,88.42182,44.0,Female
Maharashtra,Nagpur,Fraud,2021-10-13,06:52:00,21.15048,79.12411,46.0,Male
Telangana,Hyderabad,vandalism,2023-02-15,12:33:00,17.39012,78.52631,29.0,Female
Telangana,Warangal,Domestic Violence,2024-03-08,12:27:00,17.97632,79.64707,60.0,Male
Karnataka,Mysuru,Theft,2023-10-20,19:38:00,12.28172,76.67275,63.0,Female
Delhi,Rohini,Burglary,2022-02-08,05:33:00,28.72273,77.07931,49.0,Female
Gujarat,Surat,Robbery,2023-08-22,,,,,Male
Maharashtra,Pune,Assault,2023-10-18,21:20:00,18.5465,73.87913,60.0,Male
West Bengal,Kolkata,Cybercrime,2024-07-03,01:25:00,22.53312,88.36839,51.0,Male
Delhi,Rohini,Burglary,2022-12-19,05:14:00,28.73426,77.05084,34.0,Female
West Bengal,Howrah,Assault,2022-01-20,12:28:00,22.62379,88.23988,69.0,Female
Telangana,Hyderabad,Theft,2022-01-18,21:30:00,17.39939,78.53017,48.0,Male
West Bengal,Howrah,Assault,2023-01-11,09:32:00,22.62819,88.28246,67.0,Male
Uttar Pradesh,Noida,Domestic Violence,2024-12-16,02:22:00,28.56911,77.43046,18.0,Female
Karnataka,Mysuru,Assault,2021-02-17,13:33:00,12.27677,76.58953,23.0,Female
Uttar Pradesh,Noida,Fraud,2024-02-24,09:45:00,28.60843,77.39633,24.0,Female
West Bengal,Kolkata,Theft,2024-02-13,19:30:00,22.60775,88.39796,55.0,Female
Gujarat,Surat,Domestic Violence,2021-02-23,02:52:00,21.18104,72.89025,46.0,Female
Delhi,New Delhi,Assault,2021-06-08,02:16:00,28.64961,77.20977,16.0,Male
Gujarat,Ahmedabad,Burglary,2022-10-12,09:27:00,23.02454,72.56116,60.0,Female
Telangana,Warangal,Assault,2024-05-16,02:19:00,17.97958,79.56804,29.0,Male
West Bengal,Kolkata,Burglary,2024-04-01,08:02:00,22.56839,88.37984,28.0,Female
Maharashtra,Nagpur,Cybercrime,2024-05-08,03:55:00,21.19722,79.16932,37.0,Male
Tamil Nadu,Coimbatore,Burglary,2021-08-04,08:55:00,11.03474,76.96016,16.0,Male
Maharashtra,Nagpur,Vehicle Theft,2023-08-18,08:53:00,21.11235,79.11092,18.0,Male
Maharashtra,Mumbai,Theft,2023-12-03,16:48:00,18.99264,72.91374,61.0,Male
Maharashtra,Nagpur,Theft,2021-02-02,14:07:00,21.16686,79.03376,48.0,Male
West Bengal,Kolkata,Theft,2023-07-15,17:11:00,22.52955,88.40125,54.0,Male
Gujarat,Surat,Vandalism,2021-02-02,08:56:00,21.14606,72.82845,48.0,Male
Karnataka,Bengaluru,Assault,2024-01-21,11:23:00,12.96948,77.63314,40.0,Male
Delhi,New Delhi,Assault,2021-09-05,08:59:00,28.65895,77.2028,18.0,Female
West Bengal,Kolkata,Burglary,2021-04-18,07:43:00,22.57843,88.34913,61.0,Male
Karnataka,Mysuru,Theft,2024-03-05,10:41:00,12.30172,76.6874,25.0,Male
Uttar Pradesh,Lucknow,Cybercrime,2023-05-21,17:19:00,26.8652,80.85643,57.0,Female
Karnataka,Mysuru,Assault,2024-04-23,10:12:00,12.31614,76.6619,20.0,Male
Maharashtra,Mumbai,Cybercrime,2024-01-16,22:20:00,19.10793,72.87204,61.0,Female
Uttar Pradesh,Kanpur,Assault,2024-05-01,16:39:00,26.46396,80.33367,68.0,Female
Tamil Nadu,Coimbatore,Vandalism,2022-07-20,14:21:00,11.0602,76.96669,16.0,Male
Gujarat,Surat,Fraud,2023-08-19,04:05:00,21.23399,72.82914,55.0,Female
West Bengal,Howrah,Fraud,2023-03-04,21:11:00,22.57999,88.28792,20.0,Male
Tamil Nadu,Coimbatore,Theft,2024-06-27,23:03:00,11.03634,76.93889,42.0,Female
Uttar Pradesh,Kanpur,Burglary,2022-12-01,03:50:00,26.45366,80.34597,64.0,Male
Karnataka,Bengaluru,Vehicle Theft,2022-09-11,04:32:00,12.93848,77.55404,38.0,Male
West Bengal,Kolkata,Vehicle Theft,2021-08-04,20:29:00,22.54617,88.42555,40.0,Male
Tamil Nadu,Coimbatore,Vehicle Theft,2024-10-23,,,,,Female
Uttar Pradesh,Lucknow,Vehicle Theft,2024-12-18,00:10:00,26.83695,80.93043,22.0,Male
West Bengal,Kolkata,Kidnapping,2023-12-10,14:14:00,22.56326,88.34274,35.0,Male
Tamil Nadu,Chennai,Domestic Violence,2022-07-25,23:39:00,13.15638,80.30915,54.0,Male
Maharashtra,Nagpur,Theft,2023-01-13,16:43:00,21.18956,79.04859,39.0,Male
Telangana,Hyderabad,Theft,2021-10-13,01:13:00,17.41333,78.47907,18.0,Male
Tamil Nadu,Coimbatore,Theft,2023-08-06,17:25:00,11.01068,76.95075,18.0,Female
Tamil Nadu,Chennai,Fraud,2021-03-16,18:30:00,13.05124,80.20746,35.0,Female
West Bengal,Howrah,Kidnapping,2024-11-26,23:38:00,22.6246,88.24946,22.0,Female
Uttar Pradesh,Noida,Vandalism,2022-10-06,22:29:00,28.52603,77.37175,33.0,Female
Telangana,Hyderabad,Robbery,2022-11-02,08:02:00,17.37437,78.45597,54.0,Male
Gujarat,Surat,Robbery,2021-01-14,01:31:00,21.21843,72.84741,50.0,Female
Gujarat,Ahmedabad,Assault,2023-11-08,02:36:00,23.0136,72.53495,47.0,Female
West Bengal,Kolkata,burglary,2022-06-12,01:57:00,22.57402,88.28578,61.0,Female
Telangana,Hyderabad,Assault,2023-05-13,03:35:00,17.34146,78.49388,54.0,Male
Gujarat,Ahmedabad,Burglary,2022-11-18,23:57:00,22.98321,72.56437,49.0,Female
Maharashtra,Nagpur,Assault,2024-04-24,11:20:00,21.12354,79.0921,33.0,Female
Tamil Nadu,Coimbatore,Cybercrime,2022-12-15,10:07:00,10.96808,76.99732,49.0,Male
Delhi,New Delhi,Vehicle Theft,2021-09-13,,,,,Female
Karnataka,Mysuru,Burglary,2021-09-24,06:17:00,12.32212,76.6182,22.0,Female
Karnataka,Mysuru,Robbery,2023-03-06,21:31:00,12.2941,76.66581,30.0,Male
Delhi,Dwarka,Cybercrime,2021-12-09,04:08:00,28.64625,77.0413,40.0,Female
Tamil Nadu,Chennai,vehicle theft,2023-10-24,03:18:00,13.08201,80.25546,26.0,Male
Delhi,New Delhi,Vandalism,2023-02-06,10:38:00,28.66841,77.21623,36.0,Female
West Bengal,Kolkata,Kidnapping,2023-07-26,,,,,Female
Uttar Pradesh,Lucknow,Vehicle Theft,2022-09-19,09:46:00,26.82755,80.94755,30.0,Male
Delhi,Dwarka,Assault,2024-02-26,09:35:00,28.53115,77.0621,39.0,Female
West Bengal,Howrah,Vehicle Theft,2022-11-09,20:51:00,22.62525,88.19833,53.0,Female
Uttar Pradesh,Noida,Fraud,2024-03-01,03:14:00,28.57198,77.36232,52.0,Male
Telangana,Hyderabad,Burglary,2022-12-14,10:16:00,17.36822,78.45264,55.0,Male
Maharashtra,Nagpur,Vehicle Theft,2021-09-25,05:09:00,21.12447,79.08086,55.0,Male
West Bengal,Kolkata,Burglary,2024-11-20,14:57:00,22.52015,88.35362,18.0,Female
Telangana,Warangal,Vehicle Theft,2023-02-01,01:54:00,17.99451,79.64683,58.0,Male
Karnataka,Mysuru,Assault,2024-12-24,19:44:00,12.25385,76.63142,64.0,Male
Maharashtra,Pune,Theft,2022-12-10,06:39:00,18.55046,73.86319,51.0,Male
Telangana,Hyderabad,Assault,2021-04-13,,,,,Male
Karnataka,Mysuru,Domestic Violence,2024-10-06,00:53:00,12.27087,76.60944,66.0,Female
West Bengal,Howrah,Theft,2024-10-05,04:45:00,22.60749,88.23849,50.0,Female
Gujarat,Surat,Theft,2022-04-02,23:14:00,21.20441,72.80578,39.0,Male
Karnataka,Bengaluru,Burglary,2024-04-01,00:30:00,12.9553,77.58361,38.0,Female
Karnataka,Mysuru,Theft,2023-06-14,04:27:00,12.28149,76.64279,21.0,Female
Uttar Pradesh,Lucknow,Burglary,2024-02-25,17:31:00,26.84527,80.93429,68.0,Male
Maharashtra,Pune,Robbery,2024-04-08,20:21:00,18.47485,73.8399,28.0,Female
Delhi,New Delhi,Fraud,2022-09-04,14:52:00,28.67143,77.2014,40.0,Male
Maharashtra,Mumbai,Kidnapping,2023-06-26,16:43:00,19.07672,72.83555,46.0,Female
Gujarat,Ahmedabad,Vehicle Theft,2023-11-18,06:36:00,23.00355,72.62374,66.0,Female
Tamil Nadu,Coimbatore,Vandalism,2022-10-26,14:36:00,11.01273,77.01172,56.0,Female
Karnataka,Mysuru,Vandalism,2021-11-24,07:30:00,12.29353,76.68358,37.0,Male
Karnataka,Mysuru,Vandalism,2024-05-22,05:53:00,12.26787,76.64491,29.0,Female
Maharashtra,Nagpur,burglary,2021-05-05,19:43:00,21.17879,79.11151,21.0,Male
West Bengal,Kolkata,theft,2022-09-12,06:25:00,22.62465,88.41266,43.0,Female
Delhi,New Delhi,Fraud,2022-12-07,00:16:00,28.60434,77.21895,28.0,Male
Maharashtra,Pune,Theft,2021-11-27,15:31:00,18.55866,73.8851,47.0,Female
Uttar Pradesh,Kanpur,domestic violence,2021-08-16,05:47:00,26.45338,80.40881,65.0,Female
Karnataka,Mysuru,Assault,2023-01-20,19:35:00,12.26882,76.63757,26.0,Male
Maharashtra,Mumbai,Theft,2021-12-25,04:18:00,19.06575,72.92872,49.0,Female
West Bengal,Howrah,Vehicle Theft,2024-05-04,14:47:00,22.62632,88.25041,67.0,Male
Karnataka,Mysuru,Theft,2024-10-23,22:15:00,12.32104,76.65254,67.0,Male
Maharashtra,Mumbai,Fraud,2021-05-07,07:38:00,19.10521,72.86022,43.0,Male
Delhi,Dwarka,Domestic Violence,2022-08-01,02:27:00,28.6044,77.04187,42.0,Female
Maharashtra,Nagpur,Burglary,2022-05-01,22:48:00,21.17796,79.11058,63.0,Female
Tamil Nadu,Coimbatore,Domestic Violence,2021-11-23,08:27:00,11.02828,76.99313,41.0,Male
Tamil Nadu,Coimbatore,Vehicle Theft,2024-03-09,14:28:00,11.05934,76.91986,68.0,Female
Tamil Nadu,Chennai,Vehicle Theft,2021-08-17,,,,,Male
Maharashtra,Pune,Cybercrime,2022-11-17,17:24:00,18.52017,73.82343,61.0,Female
Tamil Nadu,Chennai,Assault,2022-01-04,07:25:00,13.07591,80.2564,28.0,Male
Delhi,Rohini,Vehicle Theft,2023-10-15,13:45:00,28.76373,77.1021,61.0,Female
Gujarat,Ahmedabad,Cybercrime,2021-03-22,09:19:00,23.06762,72.53656,31.0,Male
Telangana,Hyderabad,Theft,2022-02-10,14:05:00,17.32653,78.4736,43.0,Male
Maharashtra,Pune,Fraud,2022-08-25,11:26:00,18.52856,73.83659,31.0,Female
Karnataka,Bengaluru,Burglary,2024-01-08,14:35:00,12.95527,77.58694,65.0,Female
Uttar Pradesh,Lucknow,Vehicle Theft,2024-06-23,06:23:00,26.86625,80.95269,64.0,Male
Gujarat,Surat,vehicle theft,2023-05-23,09:03:00,21.095,72.79855,45.0,Male
Tamil Nadu,Chennai,Cybercrime,2022-04-02,,,,,Female
Uttar Pradesh,Noida,Fraud,2022-05-22,07:04:00,28.51377,77.38757,54.0,Male
West Bengal,Howrah,Theft,2024-02-16,22:09:00,22.58526,88.24939,31.0,Male
Telangana,Hyderabad,Domestic Violence,2022-10-21,12:05:00,17.40605,78.50358,67.0,Female
Delhi,Dwarka,Burglary,2022-02-03,17:30:00,28.56841,77.04888,47.0,Male
Maharashtra,Mumbai,Vandalism,2022-08-27,22:19:00,19.08869,72.91825,41.0,Male
West Bengal,Howrah,Domestic Violence,2021-09-17,02:44:00,22.66932,88.18181,21.0,Male
Telangana,Warangal,Assault,2024-02-08,01:14:00,17.95067,79.58883,49.0,Female
Uttar Pradesh,Kanpur,Robbery,2024-02-10,06:36:00,26.44488,80.31907,46.0,Male
Tamil Nadu,Coimbatore,Vandalism,2024-05-16,17:27:00,11.00895,76.90334,37.0,Female
Delhi,New Delhi,Theft,2022-03-04,07:13:00,28.62717,77.17204,19.0,Male
Tamil Nadu,Coimbatore,Assault,2022-07-19,01:28:00,11.04549,76.93144,50.0,Male
West Bengal,Kolkata,Assault,2022-02-07,10:30:00,22.55829,88.35369,54.0,Female
Gujarat,Ahmedabad,Theft,2024-08-14,09:05:00,22.99325,72.53661,59.0,Female
Tamil Nadu,Coimbatore,Cybercrime,2022-06-17,06:37:00,11.05066,76.93744,56.0,Male
Delhi,New Delhi,Theft,2024-12-16,00:51:00,28.56219,77.23654,48.0,Female
West Bengal,Howrah,Burglary,2023-01-13,15:49:00,22.64955,88.29324,59.0,Female
Uttar Pradesh,Kanpur,Robbery,2021-08-16,15:25:00,26.46475,80.3409,55.0,Male
Karnataka,Mysuru,Robbery,2023-02-22,14:25:00,12.29068,76.61505,27.0,Male
Karnataka,Bengaluru,Domestic Violence,2021-04-02,23:42:00,13.0174,77.62051,28.0,Male
Uttar Pradesh,Noida,Robbery,2023-01-25,21:33:00,28.59117,77.38957,29.0,Female
Gujarat,Ahmedabad,Vehicle Theft,2022-08-26,09:46:00,22.98797,72.60347,57.0,Female
Uttar Pradesh,Noida,Cybercrime,2024-09-27,09:07:00,28.53405,77.35638,16.0,Male
Karnataka,Bengaluru,Vehicle Theft,2021-05-07,21:17:00,12.95232,77.61633,34.0,Male
Tamil Nadu,Coimbatore,Vehicle Theft,2021-03-15,20:10:00,11.07463,76.94455,55.0,Female
Gujarat,Ahmedabad,Burglary,2024-12-08,13:49:00,23.04135,72.59113,16.0,Female
Telangana,Hyderabad,Vandalism,2023-01-27,13:16:00,17.39549,78.47314,69.0,Female
Delhi,Dwarka,Theft,2021-01-16,01:55:00,28.59602,77.02751,22.0,Male
West Bengal,Howrah,fraud,2024-11-20,12:23:00,22.63116,88.20362,36.0,Female
Maharashtra,Nagpur,Cybercrime,2021-07-01,,,,,Male
Maharashtra,Pune,Theft,2023-12-27,14:00:00,18.57323,73.83229,60.0,Female
West Bengal,Kolkata,Theft,2023-01-01,,,,,Female
Tamil Nadu,Coimbatore,Vehicle Theft,2021-04-17,,,,,Male
West Bengal,Kolkata,Theft,2022-02-15,03:30:00,22.53415,88.41039,49.0,Male
Gujarat,Ahmedabad,Cybercrime,2024-01-06,09:05:00,23.04253,72.52773,69.0,Female
Delhi,Dwarka,Burglary,2022-07-14,07:58:00,28.61479,77.01972,68.0,Female
Tamil Nadu,Chennai,Assault,2021-04-24,21:08:00,13.10686,80.25865,39.0,Male
Telangana,Hyderabad,burglary,2021-01-11,09:07:00,17.35346,78.47577,59.0,Male
Tamil Nadu,Chennai,Cybercrime,2023-10-06,14:18:00,13.07167,80.23389,36.0,Male
Telangana,Hyderabad,Vandalism,2022-02-08,22:45:00,17.35991,78.50979,59.0,Female
Delhi,Rohini,Robbery,2023-03-21,05:16:00,28.72821,77.08755,36.0,Male
Uttar Pradesh,Kanpur,Fraud,2022-10-25,16:02:00,26.40987,80.37312,29.0,Male
Delhi,Rohini,Burglary,2021-10-07,19:34:00,28.70554,77.0601,34.0,Male
Gujarat,Surat,vehicle theft,2021-05-12,03:55:00,21.21323,72.81787,67.0,Male
West Bengal,Howrah,Domestic Violence,2024-08-11,10:41:00,22.53531,88.24617,56.0,Male
Uttar Pradesh,Lucknow,Vandalism,2023-11-06,06:58:00,26.87,80.9973,69.0,Female
Telangana,Hyderabad,Assault,2022-06-18,22:07:00,17.37486,78.50564,40.0,Female
West Bengal,Kolkata,Burglary,2022-09-22,03:36:00,22.61673,88.37301,38.0,Male
Maharashtra,Nagpur,Robbery,2024-02-10,08:45:00,21.18875,79.05294,26.0,Female
Maharashtra,Nagpur,Vandalism,2024-07-25,19:08:00,21.09851,79.13629,55.0,Male
Delhi,New Delhi,Vehicle Theft,2021-05-13,04:34:00,28.58063,77.23121,18.0,Male
Karnataka,Mysuru,Theft,2022-07-13,00:10:00,12.31589,76.67147,42.0,Male
Uttar Pradesh,Noida,Theft,2022-05-04,21:58:00,28.50828,77.36942,39.0,Male
Telangana,Hyderabad,Cybercrime,2022-05-07,01:02:00,17.37973,78.44336,37.0,Male
Delhi,Dwarka,Vehicle Theft,2023-06-08,16:33:00,28.63634,77.06065,31.0,Female
West Bengal,Kolkata,Domestic Violence,2022-09-22,16:05:00,22.52797,88.36526,35.0,Female
Gujarat,Surat,Assault,2023-08-15,01:02:00,21.16459,72.88141,46.0,Female
Gujarat,Surat,Cybercrime,2024-08-15,19:52:00,21.20294,72.79221,18.0,Female
Karnataka,Bengaluru,Theft,2021-06-06,03:31:00,12.97523,77.61114,53.0,Male
Uttar Pradesh,Lucknow,Burglary,2024-03-22,,,,,Female
Karnataka,Mysuru,Fraud,2023-12-10,12:37:00,12.32683,76.61835,67.0,Female
Maharashtra,Mumbai,Robbery,2023-10-01,11:42:00,19.07343,72.88932,69.0,Female
Telangana,Warangal,Vehicle Theft,2023-07-14,07:51:00,17.90964,79.61168,48.0,Male
Karnataka,Bengaluru,domestic violence,2024-09-10,01:45:00,12.99727,77.62004,63.0,Male
Maharashtra,Nagpur,Theft,2023-12-09,07:37:00,21.11461,79.03745,29.0,Female
West Bengal,Howrah,Theft,2024-03-23,17:13:00,22.59088,88.27439,56.0,Female
West Bengal,Kolkata,Robbery,2023-01-03,17:09:00,22.56888,88.37655,24.0,Female
Karnataka,Mysuru,Theft,2022-07-24,04:11:00,12.30058,76.59418,35.0,Female
Delhi,Dwarka,Vandalism,2023-08-19,00:04:00,28.61022,77.05098,26.0,Male
Telangana,Warangal,Domestic Violence,2024-06-10,12:48:00,17.95487,79.57785,39.0,Female
Delhi,New Delhi,Assault,2022-07-08,02:24:00,28.68923,77.18588,47.0,Male
Telangana,Warangal,Vandalism,2021-06-19,07:12:00,18.00527,79.58767,17.0,Female
Gujarat,Surat,Assault,2023-02-27,09:25:00,21.15667,72.84934,47.0,Male
Maharashtra,Nagpur,Assault,2022-08-16,09:55:00,21.15012,79.05046,64.0,Male
Delhi,Rohini,Vehicle Theft,2024-06-08,15:52:00,28.76921,77.08689,54.0,Female
Maharashtra,Pune,Vehicle Theft,2023-04-09,03:04:00,18.50535,73.90232,17.0,Female
West Bengal,Kolkata,Assault,2022-10-20,06:08:00,22.56729,88.37414,46.0,Male
Uttar Pradesh,Noida,Domestic Violence,2022-10-12,04:08:00,28.50781,77.37382,20.0,Male
Gujarat,Surat,Burglary,2024-01-23,20:32:00,21.20766,72.81388,51.0,Male
Maharashtra,Mumbai,Vandalism,2022-06-11,08:32:00,19.07821,72.86127,34.0,Male
Maharashtra,Pune,Fraud,2021-06-15,18:07:00,18.511,73.82215,65.0,Male
Delhi,New Delhi,Theft,2021-09-24,20:57:00,28.61145,77.18274,64.0,Female
Gujarat,Ahmedabad,Vehicle Theft,2024-05-07,,,,,Male
Maharashtra,Nagpur,Vehicle Theft,2024-08-15,05:48:00,21.17788,79.05432,57.0,Male
West Bengal,Howrah,Fraud,2023-06-06,02:52:00,22.65113,88.25431,23.0,Male
West Bengal,Kolkata,Burglary,2023-06-05,17:29:00,22.53363,88.37681,25.0,Male
West Bengal,Howrah,Fraud,2024-07-18,17:42:00,22.59296,88.26606,38.0,Male
Gujarat,Ahmedabad,Assault,2021-03-12,21:23:00,23.05849,72.60494,63.0,Female
Delhi,Rohini,Cybercrime,2021-10-18,08:22:00,28.72791,77.08548,44.0,Male
Uttar Pradesh,Lucknow,Assault,2021-08-20,22:17:00,26.8165,80.9283,44.0,Female
Maharashtra,Pune,Vehicle Theft,2023-03-16,17:02:00,18.50658,73.89347,34.0,Male
Uttar Pradesh,Lucknow,Theft,2024-10-08,14:20:00,26.87854,80.99927,24.0,Female
Tamil Nadu,Chennai,Vehicle Theft,2022-01-13,10:16:00,13.07625,80.26265,44.0,Female
Karnataka,Mysuru,Vehicle Theft,2021-10-11,07:03:00,12.29144,76.63766,58.0,Male
Delhi,New Delhi,Kidnapping,2021-06-27,06:45:00,28.59209,77.2006,51.0,Female
Gujarat,Ahmedabad,Vehicle Theft,2023-08-13,00:04:00,22.98654,72.56591,42.0,Male
Tamil Nadu,Coimbatore,Robbery,2023-05-27,16:50:00,11.04191,76.99457,22.0,Female
Uttar Pradesh,Kanpur,Theft,2023-09-13,17:46:00,26.52382,80.32005,43.0,Female
Karnataka,Mysuru,Theft,2021-07-10,00:27:00,12.28045,76.60801,21.0,Male
West Bengal,Howrah,Fraud,2023-05-25,04:41:00,22.6346,88.25253,21.0,Female
Maharashtra,Mumbai,Vandalism,2022-08-14,08:49:00,19.07771,72.88302,40.0,Female
Uttar Pradesh,Kanpur,Cybercrime,2022-12-13,13:54:00,26.43681,80.31712,31.0,Male
Maharashtra,Nagpur,Domestic Violence,2021-07-19,16:17:00,21.18648,79.10744,63.0,Female
Maharashtra,Mumbai,Burglary,2023-11-07,21:52:00,19.04406,72.82083,65.0,Male
Tamil Nadu,Chennai,Domestic Violence,2022-12-01,,,,,Female
Delhi,Rohini,Theft,2021-05-01,00:55:00,28.74276,77.04465,68.0,Female
Maharashtra,Nagpur,Burglary,2022-09-23,13:09:00,21.17323,79.06507,68.0,Male
Maharashtra,Mumbai,Vandalism,2023-08-09,10:02:00,19.06781,72.82027,35.0,Male
Telangana,Hyderabad,Domestic Violence,2023-08-09,12:42:00,17.37088,78.51471,16.0,Female
Maharashtra,Nagpur,Vehicle Theft,2022-07-12,21:00:00,21.15243,79.08352,69.0,Male
Karnataka,Mysuru,Fraud,2024-01-21,02:40:00,12.28507,76.634,63.0,Female
Karnataka,Bengaluru,Cybercrime,2021-09-26,20:32:00,12.90541,77.62637,32.0,Female
Delhi,Rohini,Theft,2022-03-26,12:54:00,28.76175,77.03359,42.0,Female
West Bengal,Howrah,Domestic Violence,2023-07-10,02:42:00,22.5259,88.22983,15.0,Female
West Bengal,Kolkata,Theft,2022-09-25,01:19:00,22.55575,88.3447,19.0,Male
Tamil Nadu,Chennai,Assault,2024-04-27,16:41:00,13.03518,80.28336,60.0,Female
Maharashtra,Pune,Fraud,2021-03-22,23:46:00,18.53129,73.83703,57.0,Male
Delhi,Rohini,Cybercrime,2023-12-13,03:36:00,28.72878,77.09583,39.0,Male
Uttar Pradesh,Kanpur,Vandalism,2023-04-05,19:56:00,26.46296,80.35987,17.0,Female
Karnataka,Bengaluru,Vandalism,2021-11-15,23:22:00,12.93844,77.63926,69.0,Female
Telangana,Warangal,Fraud,2021-09-14,08:40:00,17.91283,79.57736,17.0,Male
Maharashtra,Pune,Assault,2024-03-11,05:17:00,18.49754,73.83281,47.0,Male
Maharashtra,Mumbai,Theft,2023-01-15,23:33:00,19.07201,72.90073,57.0,Female
Delhi,New Delhi,Assault,2023-05-10,15:00:00,28.62827,77.19325,38.0,Male
Delhi,New Delhi,Theft,2022-01-15,05:49:00,28.60449,77.1894,38.0,Male
West Bengal,Howrah,theft,2023-05-22,20:57:00,22.55693,88.25712,36.0,Female
West Bengal,Kolkata,Cybercrime,2021-11-12,03:20:00,22.62078,88.37297,44.0,Male
West Bengal,Howrah,Assault,2022-02-01,10:32:00,22.61611,88.28559,42.0,Female
Gujarat,Ahmedabad,Vehicle Theft,2024-01-15,20:38:00,23.03542,72.55271,39.0,Female
Telangana,Hyderabad,Domestic Violence,2023-11-25,10:02:00,17.42298,78.50363,64.0,Male
Karnataka,Bengaluru,assault,2023-09-26,17:15:00,12.96522,77.59093,31.0,Male
Telangana,Warangal,Assault,2022-12-26,16:26:00,17.9244,79.6275,17.0,Female
Gujarat,Ahmedabad,Assault,2023-06-06,10:52:00,22.99429,72.60538,19.0,Female
Delhi,New Delhi,Vehicle Theft,2024-03-07,09:51:00,28.60214,77.23676,68.0,Female
West Bengal,Howrah,Robbery,2021-01-14,20:10:00,22.6184,88.25798,23.0,Female
Maharashtra,Mumbai,Domestic Violence,2021-05-03,06:58:00,19.06025,72.83065,25.0,Female
Tamil Nadu,Chennai,Cybercrime,2021-07-22,16:20:00,13.10544,80.262,58.0,Male
Telangana,Warangal,Robbery,2023-04-22,13:32:00,17.97232,79.58491,32.0,Male
Gujarat,Surat,Cybercrime,2022-08-16,22:19:00,21.16869,72.88488,48.0,Male
Gujarat,Surat,Theft,2022-10-16,04:09:00,21.14529,72.84467,68.0,Male
Uttar Pradesh,Kanpur,Burglary,2023-04-08,06:43:00,26.35895,80.28512,65.0,Female
Tamil Nadu,Chennai,Theft,2022-08-19,,,,,Male
Delhi,New Delhi,Vehicle Theft,2023-09-23,04:34:00,28.64625,77.20502,58.0,Female
Karnataka,Bengaluru,Burglary,2023-11-02,17:45:00,12.95283,77.5948,48.0,Female
Tamil Nadu,Chennai,Assault,2023-04-01,21:11:00,13.07091,80.2475,62.0,Male
Gujarat,Ahmedabad,Burglary,2024-02-13,13:57:00,23.03032,72.5861,21.0,Male
Gujarat,Surat,Burglary,2024-06-01,02:19:00,21.19226,72.85554,51.0,Male
Telangana,Hyderabad,Theft,2022-09-13,15:04:00,17.37828,78.41436,44.0,Female
Delhi,Rohini,Cybercrime,2022-06-16,04:04:00,28.72909,77.03985,34.0,Male
Uttar Pradesh,Kanpur,Kidnapping,2022-08-14,22:21:00,26.48819,80.36463,25.0,Male
West Bengal,Kolkata,Vandalism,2022-02-04,16:24:00,22.51102,88.35436,58.0,Female
Uttar Pradesh,Noida,Theft,2024-12-09,10:34:00,28.53114,77.36242,50.0,Female
West Bengal,Kolkata,Theft,2024-04-05,17:26:00,22.57223,88.38086,58.0,Male
Maharashtra,Pune,Theft,2024-03-07,14:03:00,18.54563,73.87467,31.0,Male
Delhi,New Delhi,Theft,2023-09-10,01:41:00,28.61959,77.14804,22.0,Male
Uttar Pradesh,Noida,Assault,2024-04-13,21:58:00,28.47691,77.395,51.0,Male
Maharashtra,Pune,Cybercrime,2024-05-10,10:15:00,18.53662,73.81267,53.0,Male
Karnataka,Bengaluru,Robbery,2024-09-14,03:08:00,12.96824,77.56073,59.0,Female
Maharashtra,Pune,Cybercrime,2021-03-05,11:31:00,18.51431,73.85046,52.0,Female
Telangana,Warangal,Vandalism,2022-11-11,10:41:00,17.96736,79.58034,36.0,Male
Gujarat,Surat,Theft,2024-10-26,15:56:00,21.15269,72.80405,29.0,Male
Karnataka,Mysuru,Theft,2021-05-10,03:29:00,12.25408,76.66479,41.0,Female
West Bengal,Kolkata,Burglary,2024-05-01,19:46:00,22.54499,88.33473,27.0,Female
Tamil Nadu,Coimbatore,Vehicle Theft,2022-12-16,17:05:00,11.05878,76.9555,52.0,Female
Delhi,Dwarka,Robbery,2024-04-09,13:37:00,28.61219,77.04029,30.0,Female
Maharashtra,Pune,Burglary,2024-06-20,09:53:00,18.55575,73.82038,55.0,Male
West Bengal,Howrah,Vehicle Theft,2022-10-09,10:00:00,22.52442,88.25728,17.0,Male
Gujarat,Ahmedabad,Fraud,2023-03-01,09:35:00,23.04072,72.58988,61.0,Female
Delhi,Rohini,Vandalism,2023-04-15,11:41:00,28.75118,77.0674,67.0,Female
Telangana,Warangal,Kidnapping,2021-08-01,13:23:00,17.94114,79.59254,31.0,Male
Uttar Pradesh,Lucknow,Vehicle Theft,2021-08-21,10:56:00,26.84115,80.94527,39.0,Male
Telangana,Hyderabad,Vandalism,2021-06-06,12:58:00,17.40777,78.4696,27.0,Male
Tamil Nadu,Coimbatore,Burglary,2021-07-27,15:59:00,10.99851,76.91346,32.0,Male
Uttar Pradesh,Kanpur,Theft,2023-10-25,22:12:00,26.49851,80.30893,24.0,Male
Karnataka,Mysuru,Burglary,2021-11-27,10:02:00,12.32038,76.67147,60.0,Female
Karnataka,Bengaluru,Kidnapping,2024-03-20,04:27:00,12.89491,77.61186,56.0,Male
Maharashtra,Nagpur,Fraud,2022-03-17,08:36:00,21.12583,79.09154,64.0,Female
Delhi,Rohini,Theft,2023-12-07,13:47:00,28.73543,77.01907,33.0,Male
Tamil Nadu,Coimbatore,robbery,2023-11-06,22:56:00,10.96787,76.98195,57.0,Female
Delhi,Dwarka,Assault,2024-08-25,21:01:00,28.61505,77.04331,59.0,Male
Tamil Nadu,Chennai,Theft,2023-06-21,07:19:00,13.10098,80.27127,33.0,Male
Uttar Pradesh,Kanpur,Cybercrime,2023-08-25,,,,,Female
West Bengal,Kolkata,Vehicle Theft,2023-07-24,05:37:00,22.52675,88.42556,49.0,Male
Telangana,Hyderabad,Assault,2023-05-16,13:11:00,17.43277,78.48927,27.0,Male
Uttar Pradesh,Noida,Vandalism,2023-11-06,03:23:00,28.58689,77.37265,27.0,Female
Delhi,Dwarka,Theft,2024-11-19,15:14:00,28.60274,77.05039,46.0,Female
Karnataka,Mysuru,Vehicle Theft,2024-03-01,12:23:00,12.27568,76.7187,42.0,Female
Tamil Nadu,Coimbatore,Cybercrime,2024-11-02,02:37:00,11.02445,76.96501,65.0,Female
West Bengal,Howrah,Assault,2021-12-06,07:01:00,22.54008,88.26597,53.0,Female
Gujarat,Ahmedabad,Assault,2023-05-19,08:50:00,22.9862,72.54551,50.0,Male
Gujarat,Surat,Cybercrime,2023-03-07,01:03:00,21.21497,72.78703,21.0,Male
Telangana,Warangal,Burglary,2024-10-10,07:06:00,17.98445,79.59796,65.0,Female
Uttar Pradesh,Lucknow,Kidnapping,2021-06-18,03:13:00,26.79818,80.94206,31.0,Female
Gujarat,Surat,Theft,2024-12-09,12:34:00,21.10797,72.81534,51.0,Male
Gujarat,Ahmedabad,Assault,2024-01-26,08:10:00,23.03423,72.59747,42.0,Male
Maharashtra,Mumbai,Assault,2021-02-22,17:36:00,19.12165,72.9184,60.0,Female
Telangana,Warangal,Robbery,2021-01-16,12:22:00,17.99432,79.60386,38.0,Female
Gujarat,Surat,Vandalism,2023-12-27,04:39:00,21.19126,72.78954,55.0,Male
Delhi,New Delhi,Robbery,2024-11-08,15:22:00,28.63251,77.2834,57.0,Female
Telangana,Hyderabad,Vehicle Theft,2021-08-12,09:06:00,17.41608,78.50543,42.0,Male
Tamil Nadu,Chennai,Assault,2024-09-07,23:44:00,13.10341,80.29074,55.0,Male
Tamil Nadu,Coimbatore,Assault,2024-09-02,06:56:00,11.07034,76.99242,15.0,Male
Tamil Nadu,Coimbatore,Assault,2021-10-21,19:07:00,11.03837,76.98577,49.0,Male
Maharashtra,Nagpur,Domestic Violence,2022-04-09,00:10:00,21.16782,79.07395,31.0,Male
Gujarat,Ahmedabad,Burglary,2024-10-12,23:02:00,23.05067,72.55502,57.0,Female
Tamil Nadu,Coimbatore,Theft,2024-09-01,13:39:00,10.99637,76.9305,59.0,Male
Uttar Pradesh,Noida,Vehicle Theft,2021-03-06,06:41:00,28.50351,77.41128,20.0,Male
Tamil Nadu,Coimbatore,Theft,2021-07-10,16:55:00,10.97839,76.95135,34.0,Male
Uttar Pradesh,Noida,Theft,2021-01-02,16:54:00,28.52969,77.36893,55.0,Male
West Bengal,Howrah,Fraud,2021-09-23,02:24:00,22.61121,88.25705,64.0,Female
Gujarat,Ahmedabad,Assault,2022-05-15,21:58:00,23.05532,72.57005,45.0,Male
Karnataka,Bengaluru,Assault,2022-07-08,04:53:00,12.96793,77.60856,37.0,Male
Uttar Pradesh,Lucknow,Assault,2024-05-12,15:29:00,26.85397,80.89759,61.0,Male
West Bengal,Kolkata,Assault,2021-12-09,13:33:00,22.59282,88.37,38.0,Male
Tamil Nadu,Chennai,Robbery,2022-06-02,00:32:00,13.06407,80.27491,62.0,Female
Gujarat,Surat,Vehicle Theft,2023-03-19,14:31:00,21.14542,72.86939,60.0,Male
Delhi,New Delhi,Domestic Violence,2023-09-19,22:41:00,28.61402,77.20445,49.0,Male
Karnataka,Bengaluru,Fraud,2023-12-26,20:10:00,12.9961,77.60975,33.0,Male
Telangana,Warangal,Vandalism,2023-02-10,07:33:00,17.96537,79.61129,46.0,Female
West Bengal,Howrah,Theft,2021-01-13,21:26:00,22.59835,88.25809,50.0,Male
Tamil Nadu,Chennai,Kidnapping,2024-03-05,17:45:00,13.04764,80.24003,40.0,Male
Gujarat,Surat,Theft,2021-06-17,16:17:00,21.1417,72.7969,21.0,Female
Maharashtra,Nagpur,Vandalism,2021-07-06,12:04:00,21.18535,79.08193,44.0,Female
Uttar Pradesh,Kanpur,Domestic Violence,2022-08-15,15:21:00,26.45658,80.32963,61.0,Male
Tamil Nadu,Chennai,Vehicle Theft,2023-10-10,07:26:00,13.07274,80.29,58.0,Male
Delhi,New Delhi,Burglary,2023-10-13,10:03:00,28.58421,77.19957,30.0,Female
Delhi,Dwarka,Vehicle Theft,2024-05-21,16:50:00,28.5866,77.06773,31.0,Female
Maharashtra,Nagpur,Theft,2023-12-25,09:00:00,21.19297,79.07546,63.0,Male
Delhi,New Delhi,Vehicle Theft,2024-05-01,22:01:00,28.59859,77.19581,63.0,Female
Tamil Nadu,Coimbatore,Burglary,2022-07-17,05:14:00,10.97459,76.97384,67.0,Male
West Bengal,Howrah,Vandalism,2023-07-11,00:33:00,22.57179,88.24478,69.0,Female
Maharashtra,Mumbai,Cybercrime,2021-05-20,23:29:00,19.07169,72.82134,37.0,Male
Telangana,Hyderabad,Robbery,2023-09-08,14:38:00,17.39214,78.46375,68.0,Female
Maharashtra,Nagpur,Burglary,2024-02-07,22:44:00,21.14346,79.123,21.0,Female
Maharashtra,Mumbai,Vandalism,2022-11-10,12:30:00,19.03924,72.85941,65.0,Female
Uttar Pradesh,Kanpur,Cybercrime,2022-08-07,19:34:00,26.45615,80.32099,54.0,Male
Uttar Pradesh,Noida,Burglary,2023-11-24,,,,,Male
West Bengal,Kolkata,Assault,2023-11-25,10:49:00,22.58013,88.36362,53.0,Female
Gujarat,Surat,Assault,2024-06-26,04:31:00,21.15585,72.83482,30.0,Female
Maharashtra,Mumbai,Vehicle Theft,2021-05-09,12:18:00,19.1337,72.8182,15.0,Male
Delhi,New Delhi,Vehicle Theft,2022-12-18,00:31:00,28.61954,77.25597,34.0,Male
Delhi,New Delhi,Fraud,2024-08-23,15:39:00,28.62851,77.19742,38.0,Female
Maharashtra,Mumbai,Vandalism,2022-06-18,15:25:00,19.11077,72.86522,62.0,Male
Karnataka,Bengaluru,Robbery,2023-08-24,01:37:00,12.96837,77.61769,21.0,Male
Uttar Pradesh,Noida,Robbery,2021-02-26,04:36:00,28.56309,77.38565,52.0,Male
Telangana,Hyderabad,burglary,2023-11-07,09:49:00,17.38337,78.50294,62.0,Male
Maharashtra,Nagpur,Theft,2023-01-13,15:15:00,21.15243,79.06694,24.0,Male
Delhi,New Delhi,Vandalism,2021-01-06,07:12:00,28.61134,77.17939,32.0,Male
Delhi,Dwarka,Cybercrime,2022-04-09,14:56:00,28.63387,77.06784,26.0,Male
Karnataka,Bengaluru,Theft,2023-06-02,13:50:00,12.96265,77.6039,38.0,Female
Gujarat,Ahmedabad,Theft,2024-06-18,10:27:00,23.02738,72.5307,28.0,Female
Maharashtra,Mumbai,assault,2023-12-13,04:22:00,19.09283,72.88916,22.0,Male
Uttar Pradesh,Noida,Robbery,2024-03-04,09:36:00,28.5411,77.45232,39.0,Male
Uttar Pradesh,Lucknow,fraud,2024-04-05,00:05:00,26.84954,80.98432,60.0,Male
Maharashtra,Nagpur,Fraud,2021-07-14,05:08:00,21.20762,79.10175,27.0,Male
Tamil Nadu,Chennai,Vehicle Theft,2022-03-19,08:20:00,13.10716,80.27105,41.0,Female
Maharashtra,Pune,Assault,2021-08-20,11:07:00,18.51124,73.81192,36.0,Male
Uttar Pradesh,Lucknow,Theft,2023-01-03,12:59:00,26.8748,80.88891,17.0,Female
Uttar Pradesh,Lucknow,Vehicle Theft,2024-06-25,20:59:00,26.81946,80.94578,67.0,Male
Maharashtra,Mumbai,Vehicle Theft,2023-05-21,11:57:00,19.09268,72.89639,56.0,Female
Karnataka,Bengaluru,Cybercrime,2024-05-01,17:39:00,12.98077,77.65486,62.0,Female
Uttar Pradesh,Kanpur,Robbery,2024-11-01,18:47:00,26.49362,80.30787,44.0,Female
Telangana,Hyderabad,Theft,2024-11-07,,,,,Male
Gujarat,Surat,Theft,2024-04-05,15:50:00,21.1552,72.86129,36.0,Female
Gujarat,Ahmedabad,Theft,2023-12-03,06:58:00,23.02672,72.57194,19.0,Female
Maharashtra,Mumbai,assault,2021-10-09,20:00:00,19.02011,72.88957,28.0,Female
Gujarat,Ahmedabad,Robbery,2022-02-07,05:36:00,23.03195,72.54133,62.0,Female
Telangana,Warangal,Fraud,2021-04-15,17:34:00,17.91069,79.57141,45.0,Female
West Bengal,Kolkata,assault,2021-02-05,22:16:00,22.57367,88.3802,36.0,Female
Delhi,Dwarka,Theft,2021-10-08,21:55:00,28.62686,77.01292,63.0,Male
West Bengal,Kolkata,Kidnapping,2024-05-09,12:51:00,22.5579,88.34897,55.0,Female
Maharashtra,Pune,Assault,2024-08-21,17:59:00,18.52053,73.88716,63.0,Female
Gujarat,Surat,Vandalism,2021-01-02,15:33:00,21.15283,72.79546,61.0,Male
Karnataka,Bengaluru,cybercrime,2022-09-26,04:34:00,12.95144,77.60076,53.0,Male
Delhi,Rohini,Fraud,2023-01-17,16:48:00,28.79795,77.04949,24.0,Female
Karnataka,Bengaluru,Theft,2022-02-20,14:23:00,12.96293,77.591,45.0,Male
Gujarat,Surat,Theft,2022-07-06,18:23:00,21.13612,72.78413,16.0,Male
West Bengal,Kolkata,Theft,2024-05-13,09:29:00,22.59114,88.28583,50.0,Male
Telangana,Hyderabad,Burglary,2021-12-24,01:41:00,17.38743,78.53224,30.0,Female
Telangana,Warangal,Theft,2021-06-22,03:42:00,17.9374,79.60064,17.0,Female
Maharashtra,Mumbai,Robbery,2024-09-21,05:14:00,19.08297,72.83769,46.0,Male
West Bengal,Kolkata,Burglary,2024-03-03,04:25:00,22.55956,88.38834,64.0,Male
Gujarat,Surat,Assault,2021-01-22,20:26:00,21.12835,72.79459,29.0,Female
Karnataka,Mysuru,Assault,2024-06-27,06:42:00,12.28067,76.623,44.0,Female
Uttar Pradesh,Kanpur,Robbery,2022-04-01,01:20:00,26.48608,80.31344,28.0,Female
Uttar Pradesh,Noida,Assault,2023-05-24,14:50:00,28.52528,77.41968,30.0,Female
Telangana,Hyderabad,Theft,2024-11-01,14:26:00,17.40499,78.48631,31.0,Male
Karnataka,Mysuru,Fraud,2022-09-26,01:54:00,12.2783,76.65561,54.0,Male
Karnataka,Bengaluru,burglary,2023-03-27,16:28:00,12.90683,77.63624,57.0,Female
West Bengal,Kolkata,Cybercrime,2022-03-27,09:16:00,22.55204,88.38991,53.0,Male
Delhi,Rohini,Burglary,2023-09-25,18:32:00,28.78854,77.06837,68.0,Female
Telangana,Hyderabad,Burglary,2024-01-03,00:11:00,17.36984,78.48695,65.0,Female
West Bengal,Howrah,Cybercrime,2023-12-23,11:35:00,22.5442,88.28154,64.0,Female
Maharashtra,Mumbai,Assault,2021-11-25,04:49:00,18.99471,72.86729,22.0,Female
Gujarat,Ahmedabad,Assault,2024-02-27,18:38:00,22.97602,72.6166,17.0,Male
Tamil Nadu,Chennai,Theft,2024-09-23,02:52:00,13.0967,80.25952,45.0,Female
Tamil Nadu,Coimbatore,Domestic Violence,2023-01-09,05:58:00,11.06692,76.93252,19.0,Male
West Bengal,Howrah,Fraud,2023-04-08,23:36:00,22.61194,88.31577,64.0,Male
West Bengal,Kolkata,Fraud,2024-12-01,15:04:00,22.59544,88.3766,40.0,Male
Maharashtra,Nagpur,Assault,2021-04-15,21:19:00,21.09253,79.10855,45.0,Female
Maharashtra,Mumbai,Assault,2021-09-17,00:18:00,19.02649,72.881,19.0,Male
Tamil Nadu,Coimbatore,Assault,2022-02-11,13:01:00,11.04107,76.99386,65.0,Male
Gujarat,Surat,vandalism,2023-03-01,10:50:00,21.20701,72.84489,42.0,Male
Gujarat,Surat,Assault,2023-08-13,10:24:00,21.17796,72.80871,46.0,Female
Karnataka,Mysuru,Kidnapping,2024-07-04,20:24:00,12.30628,76.58475,42.0,Male
Tamil Nadu,Chennai,Cybercrime,2021-07-22,16:20:00,13.10544,80.262,58.0,Male
Maharashtra,Mumbai,Theft,2022-02-26,01:08:00,19.09684,72.88468,25.0,Male
Karnataka,Mysuru,Vehicle Theft,2024-03-01,12:23:00,12.27568,76.7187,42.0,Female
Gujarat,Ahmedabad,Fraud,2022-09-22,18:18:00,22.99886,72.51676,65.0,Female
Tamil Nadu,Coimbatore,Vandalism,2022-07-20,14:21:00,11.0602,76.96669,16.0,Male
Telangana,Hyderabad,Assault,2021-02-22,20:12:00,17.39008,78.51699,48.0,Female
Gujarat,Surat,theft,2023-06-16,05:07:00,21.17658,72.83804,55.0,Female
Telangana,Warangal,Vehicle Theft,2022-08-26,10:35:00,17.91553,79.59612,65.0,Male
Tamil Nadu,Chennai,Theft,2022-12-07,07:26:00,13.16729,80.25646,17.0,Female
Karnataka,Bengaluru,Assault,2024-09-20,09:24:00,12.98158,77.617,47.0,Female
Uttar Pradesh,Kanpur,Vandalism,2021-11-16,04:46:00,26.44793,80.32799,59.0,Female
Maharashtra,Mumbai,Theft,2021-04-27,19:13:00,19.07053,72.89427,62.0,Female
Telangana,Hyderabad,Assault,2023-05-13,03:35:00,17.34146,78.49388,54.0,Male
